userid;email;nome;idade
140711280344392;dzlpybteonk@gueregueremail.com;pcuqwyhrjsxdb;61
140711280344584;rvfxoibzmehga@gueregueremail.com;punefholazdvbqtscm;45
140711280344712;zaniomytlxvg@gueregueremail.com;mnprftwbeikvyu;70
140711280344904;zjpdklwmsfvic@gueregueremail.com;gocvupileyjr;34
140711280349256;curnqmbfpwzxivodyhsel@gueregueremail.com;vpzdwiecqungkxhf;40
140711280349384;tusgvbzadolnyw@gueregueremail.com;jeiowpfvqkrauc;25
140711280349576;yxkmdgzciow@gueregueremail.com;nxljwuyrshozd;31
140711280349768;vgwhxpsidmonutc@gueregueremail.com;qxaurocfdwm;63
140711280349960;ebxijmvspyoguctk@gueregueremail.com;vhenmszuciltdfrqagp;31
140711280350088;bvghldqrty@gueregueremail.com;vreymftiph;74
140711280350280;cluxhzpbniekvmasyowr@gueregueremail.com;ruslxniwdthcmao;49
140711280350472;epqbrmauskwldnhogx@gueregueremail.com;wtagqdxopukbimlv;44
140711280350600;fpjiswyrnqmdheugca@gueregueremail.com;ayiqskwncgzhjrxepom;46
140711280350728;hrtsemiuyjflqvxpbkadw@gueregueremail.com;txbspjiecky;50
140711280350920;colkzdviwup@gueregueremail.com;hkabglqvwpcjy;48
140711280351112;iljnqzoabtdpmygewhsfu@gueregueremail.com;qthgkdjsfabxloz;22
140711280351304;bfskiyzpromjhuqtceld@gueregueremail.com;jufdisxgbhoeyprtnqvcl;57
140711280351432;lrpwmkizdfsjvyqu@gueregueremail.com;baysdvkglpnium;66
140711280351624;szfmqxedna@gueregueremail.com;ierlobacxtpjsu;29
140711280351816;gixavetqwsymrzj@gueregueremail.com;eyjsgzlhfdmkctiobupn;28
140711280351944;lqvgmyprasendbwuthx@gueregueremail.com;cxvfphstodzug;34
140711280352136;kxotnibszg@gueregueremail.com;isgdrfxlqwphtkuayz;20
140711280352264;jsxklwfynvoz@gueregueremail.com;wvutmfnodc;54
140711280352456;ydgmajozrkvbisun@gueregueremail.com;rvioyjtaumbzldngwh;26
140711280352584;ugvwlfxerqsdzmnkpb@gueregueremail.com;pboclajskzyxge;69
140711280352776;lakhizxrjmgwe@gueregueremail.com;pxaywjvczigblkon;57
140711280352904;wkfuhomvspqr@gueregueremail.com;qefgrkswdl;62
140711280353096;gkvianmsbtrwx@gueregueremail.com;ilvhmpwqtcugxoz;19
140711280353352;mogubkeywft@gueregueremail.com;rtygxqjimdzakefpvsc;62
140711280353480;eictuwhdgoapn@gueregueremail.com;fjzqgdunleimtrawb;33
140711280353608;dvqlcykmib@gueregueremail.com;jgsnryxpukhwcfb;69
140711280353800;kybafdwtcolhnemvzx@gueregueremail.com;cilzumfgqytbjosne;71
140711280353928;fzrojgyctmxwhuka@gueregueremail.com;phcvksnxzldbomaygu;33
140711280354056;zywlcuehjkmpigbsd@gueregueremail.com;tieczksbojuh;30
140711280354248;ocnzruepiy@gueregueremail.com;drnspfzacyobmvjke;35
140711280354376;glvobszcphruntaiqwjmy@gueregueremail.com;xymoiwarjk;73
140711280354568;dczlpvtjburxefkh@gueregueremail.com;bonxuzgrdmkvtayjphs;46
140711280354696;dmsbavijlur@gueregueremail.com;zvamqdhtpkon;29
140711280354888;egmujoryqzwhcfvlt@gueregueremail.com;mzinwsyxaebpc;36
140711280355080;xzwkjlfhceysaomu@gueregueremail.com;iwcxbzykmpslavu;69
140711280355272;fgyocewizqtmlbn@gueregueremail.com;yrtjlumqwobcdixsnzav;57
140711280355400;dhtlsirxkzv@gueregueremail.com;ygljnxqaprvobdismhkcz;30
140711280355528;bgfxumpscolvwekzja@gueregueremail.com;yzujxdmweogvp;64
140711280355720;inshjpklwaycbm@gueregueremail.com;lmjzqutxwsyeobrfav;68
140711280355848;utxopbnvwajsmcl@gueregueremail.com;jhigtesnrvxdwkzoacqf;58
140711280355976;fcihnupqgjlwzxakv@gueregueremail.com;efgtramxblujzpwys;46
140711280356104;ozfmhqytubraejvknsx@gueregueremail.com;fcxswzntdohembpvlrqau;74
140711280356232;peltmjdqwvyfznxba@gueregueremail.com;rzghbvyincuk;20
140711280356424;yzqwucomntkp@gueregueremail.com;xmcophjskzgbqiulavtnf;61
140711280356552;dawjnlrgoe@gueregueremail.com;rpxcmgtsbode;36
140711280356744;yjdbvtkwclphxozuasem@gueregueremail.com;oxmkqactpidejgwluvrn;43
140711280356872;ysbzrgwtqcne@gueregueremail.com;cqbwizljogkypnruamxfh;61
140711280357000;ncjvyfetlwqrsa@gueregueremail.com;ystculwixozdgrkpe;66
140711280357128;wxhqgnsaibtczlo@gueregueremail.com;yslnfbjgqzrwptdv;52
140711280357256;oehkidufngqx@gueregueremail.com;dsozfcmlhxekgqinyapt;26
140711280357448;phomxjzaeuytnrwkivfqd@gueregueremail.com;reuvpgksjchi;37
140711280357704;xdocmqrbjf@gueregueremail.com;dmkjbqspyzerxcfh;50
140711280357768;zqtgdsvoihblwxekrcy@gueregueremail.com;wuepfdbgxrimlzohkcqj;47
140711280357832;lgakuiemojcq@gueregueremail.com;rgmysuvcafhw;60
140711280357960;fczuwlrptsadqbmhjno@gueregueremail.com;izsldbugeawcy;31
140711280358088;fcpkzwoaieynvgxt@gueregueremail.com;ybjkeoxlwtdvfqnauchrp;70
140711280358152;soxdvehprawnjiqbzcfyg@gueregueremail.com;bdutnqvrljfsymowzgkc;23
140711280358216;yphotnsamicjfblewqzkd@gueregueremail.com;glfmwtsdeukyr;53
140711280358344;cizymbfokj@gueregueremail.com;yrwvelpngfmh;29
140711280358472;jlsxhpbademuctwonv@gueregueremail.com;eniqojrzvmpdlkyatfsxc;37
140711280358536;fltkwebcipq@gueregueremail.com;crgvfxenmk;23
140711280358664;dpuwtsneavcqbrgzlyfh@gueregueremail.com;rwpotdexghbvzuyakf;36
140711280358728;zfyajgxvmldkn@gueregueremail.com;rtubvjzsmdhcpx;57
140711280358856;ohneidkgauzyqtmwcxs@gueregueremail.com;nlhwezbsvcufm;60
140711280358984;hrdcfznslkgqoejbuit@gueregueremail.com;uvmjbrycdzxohfg;38
140711280359112;pweqvjchrfxokbumgl@gueregueremail.com;csyjanmtpwr;37
140711280359240;nemblxcydkfpgiravwuts@gueregueremail.com;drojkixfhnbygam;55
140711280359368;uvydqgojzws@gueregueremail.com;nkesydwogpvzbmujrhxt;28
140711280359432;mcuigrsvzxa@gueregueremail.com;eyoxjqnkgtzcwhal;40
140711280359496;loabhcxvgmejp@gueregueremail.com;xlqbsgdimupjth;25
140711280359624;sudbzmwyhankpgfix@gueregueremail.com;vcqjxwyindrob;33
140711280359752;fomnpgarhjksxeqvctb@gueregueremail.com;rpyemzsqhvncjxd;60
140711280359880;hrmifectyoavqjg@gueregueremail.com;atmsukndwoxycgiqrejh;28
140711280359944;rjlbyevamfwicsdxu@gueregueremail.com;lastduwihcmo;54
140711280360072;lzgpvebuhkcnjatxq@gueregueremail.com;tvyzhjidcqrpbwlsumog;26
140711280360136;enldgyoqwxcrkphufamzj@gueregueremail.com;aqdzhvrpjxsuwcognml;48
140711280360200;dezuwhigsfko@gueregueremail.com;ervwhxksmntu;63
140711280360328;cagozkfvueiwxthbldn@gueregueremail.com;ouchjmxlstnprgydbeq;18
140711280360392;bgazefyvdi@gueregueremail.com;ugsahpeqlkjrci;49
140711280360520;gpwxfdjnatkrmz@gueregueremail.com;uijdvgwstfah;29
140711280360648;awjzlhqtscekiyvmbxdn@gueregueremail.com;ltapnxgkhos;30
140711280360776;ogdwklcnravtzshx@gueregueremail.com;cyrkavnowlufgpdmbjht;49
140711280360840;qsmwvotuhegzpfcly@gueregueremail.com;tyxglkzefmqaj;46
140711280360968;akpuitbfvorwhngjxdy@gueregueremail.com;uiqagfmtoxkzv;38
140711280361096;erynapqscibfhmtzu@gueregueremail.com;fnlsdqmtpvxra;70
140711280361224;mjqsxplztrh@gueregueremail.com;lyuercvgtxp;72
140711280361352;lvxgcuifztqyaohekmjn@gueregueremail.com;sdfpuwzvxoahbgcye;63
140711280361416;hrnoembfjqzkvyt@gueregueremail.com;kahbwzoxcrq;44
140711280369800;twlifrsbjc@gueregueremail.com;zdqkpeahxnscfv;53
140711280369928;mthlewqpbju@gueregueremail.com;bxuhienyrzqljodmcsf;44
140711280369992;ldjfcnemwtoxrqgvub@gueregueremail.com;swvfumnroxkqgapbhycz;28
140711280370056;reyfkqvijgbao@gueregueremail.com;kgsdyjevmwfl;28
140711280370184;lesmfiaxrvqh@gueregueremail.com;hzsaikymdu;33
140711280370312;ocszwtmeifxgrb@gueregueremail.com;imwsbtodequakxvy;33
140711280370376;rzxbsvtiaunwljekgp@gueregueremail.com;zqeougwdapvmctlnj;75
140711280370440;durmztbxwjaviyfes@gueregueremail.com;bojvnteqzg;52
140711280370568;xuthrnyvfezig@gueregueremail.com;vqurdztiacyobjken;73
140711280370632;otrglndqahpuzekwsxybj@gueregueremail.com;hcpoeynidgstvxqrlbuzw;43
140711280370696;stpfmhyeuqkidc@gueregueremail.com;tqrypelavgj;39
140711280370824;kdcijtmbvuxsgfn@gueregueremail.com;vkbnogmzxlfd;48
140711280370952;debfnzoiwyqamhk@gueregueremail.com;olnytkhgdjimzfvc;33
140711280371016;xplvsbnhjdigkrwacfmz@gueregueremail.com;bvqcafunlgzkit;61
140711280371144;feynjxwvmroglqidzs@gueregueremail.com;njpwmaesxchgqodbvu;20
140711280371208;nzxakmuwrciqpo@gueregueremail.com;iokwesvqxncjylb;19
140711280371336;isbyqgrnxwhzaekjdc@gueregueremail.com;xusbijkcpqwfhemdtvza;44
140711280371400;hjvxrfdyli@gueregueremail.com;dhxlgiobvcy;49
140711280371528;xmdehoqnjctsyl@gueregueremail.com;iyxcnjwhdbazm;32
140711280371656;conyrdbqtxplwfiaszjue@gueregueremail.com;zlkqdhnuxpw;33
140711280371784;szuhryaikoelb@gueregueremail.com;hvzoifeqaxjupgnybmc;56
140711280371848;xoifaqcnruwgpmdskyze@gueregueremail.com;sjnqprkvedblhwaut;72
140711280371912;ciepkobangxduzt@gueregueremail.com;jfxuwmyrznpechos;42
140711280371976;vesbdzawqgl@gueregueremail.com;yafgkcouqhrvpbzdtwie;44
140711280372040;tbqrdohjvpemauxgnwly@gueregueremail.com;eocbqlmzwuav;56
140711280372168;jwxpyidrlkzh@gueregueremail.com;jzycvqbiaetud;69
140711280372296;cnklhpowrubdqmvyfga@gueregueremail.com;unswtzmpdqhk;19
140711280372424;ocburimxvytfqknhgapws@gueregueremail.com;cjwrbvxazelmsfpy;29
140711280372488;pfjsdlkgxmqnu@gueregueremail.com;smvxhdwgypek;40
140711280372616;nrbauyzhpmls@gueregueremail.com;vupazkbylfegcsj;70
140711280372744;xormnjsbaukw@gueregueremail.com;rqapwbfmugzvynlekcti;75
140711280372808;fodvarwystkjnbzmgxplc@gueregueremail.com;nkovdwcymfstphexrq;66
140711280372872;ckdpfwyuirvmongt@gueregueremail.com;bhwdeskocyzqt;56
140711280373000;wdkfrvuxnbtemlyqcg@gueregueremail.com;yblshvtijrkxugoqf;19
140711280373064;fexnqbvgmztiwcrsphd@gueregueremail.com;wapbrqjkexd;35
140711280373192;sqozpbcltnkvuyajwxh@gueregueremail.com;ravibloxeznhwjfyqds;38
140711280373256;xyzwfcprjkgtuel@gueregueremail.com;gszfvxmkjtrlqeouhwayb;74
140711280373320;ztmuwdekvqcn@gueregueremail.com;ksyjhvuxczmtldwfeonq;47
140711280373384;kiujybvaworpgxcq@gueregueremail.com;kuigycrqpvflnb;52
140711280373512;oklsjuycgtnexviprbmaq@gueregueremail.com;pufdentvrgbcxmak;31
140711280373576;dncyaurfex@gueregueremail.com;qwynhfrvadsbzclgkt;75
140711280373640;xmgapvuqhkztboy@gueregueremail.com;ayecskmlrp;39
140711280377928;fenpokhujbmwdzslx@gueregueremail.com;lexwfhjguq;41
140711280378056;wgfkubtnml@gueregueremail.com;mbufaoxtdhjlw;30
140711280378184;hqlwfntpmdjribsvko@gueregueremail.com;ofplgjtuayzvwsdk;43
140711280378248;kyewctmdfqrghiuajnbo@gueregueremail.com;gsdklapfxyejucvwotbh;56
140711280378312;japfutsdqhmzngblkx@gueregueremail.com;ildyucwftv;31
140711280378440;siwhcyfzavjompgt@gueregueremail.com;zeishugnarqop;65
140711280378568;owdpscjhbay@gueregueremail.com;eauinqmbgjlorksx;53
140711280378632;gchrluwkoyfzqbisa@gueregueremail.com;qujwfmincodpl;65
140711280378760;ldusabnoyrqehwif@gueregueremail.com;ydiuowcktemlagrjqbpnv;64
140711280378824;bmxdqjkzrfsewgicv@gueregueremail.com;zndcayolrjxewvt;75
140711280378952;tljbnkdvcmxusigqa@gueregueremail.com;jxkrmltpinb;56
140711280379080;mezxuayrwjnqkf@gueregueremail.com;rkhubzystmwf;26
140711280379208;orkluaswhgtdix@gueregueremail.com;swndxptiufbh;30
140711280379336;rbdkahujfwvnqsl@gueregueremail.com;lijbnvaptyfrhukmwsqco;74
140711280379400;faehtoxmridkgjs@gueregueremail.com;lpehrsmvaf;69
140711280379528;pmqchaiznxvd@gueregueremail.com;yrmhtvqdzpilfusw;47
140711280379592;dhcqisboxngpkr@gueregueremail.com;godnuwejimqa;59
140711280379720;akimfxwtdnqejvybrhp@gueregueremail.com;hjpcqditlknmoeubsa;57
140711280379784;omdgavxpuicj@gueregueremail.com;lszgdjbmoyewrqkipun;18
140711280379848;suzkcqtbagndom@gueregueremail.com;yzbsptjrlg;46
140711280379976;oqycpuwatnxsliferd@gueregueremail.com;zkemnfwdbhyatgcolxijs;29
140711280380040;skbroeuvztawny@gueregueremail.com;nhrjfyzdusviwp;71
140711280380168;ifcezbuagksqdrwntjh@gueregueremail.com;ptgvnhadrfb;32
140711280380296;ofhdsegzuqlryn@gueregueremail.com;zasxrgclpq;23
140711280380424;cbrvaizqkgwpymfxn@gueregueremail.com;bhmznoqltrvua;70
140711280380552;mclfvsyzunwa@gueregueremail.com;orfpctulkdxibyamenh;58
140711280380616;rmioswhaugyxpkfj@gueregueremail.com;prbczmlogjtu;71
140711280380744;xuvmyrhtnszfgjdbweolq@gueregueremail.com;uxmqfzilswgbk;18
140711280380872;zpmnsickxh@gueregueremail.com;wfpxsoeqhbitzvydlr;36
140711280380936;mypzsckrhgqtlvdex@gueregueremail.com;nafdtmxkcyeghql;66
140711280381064;unpvtbgchwdkzfaimo@gueregueremail.com;fjqudtnmeagzvh;73
140711280381192;ubxgcpawfvdqnhesj@gueregueremail.com;gsoaqzynmefjbxupc;58
140711280381256;tegpcxsylizjkwqumh@gueregueremail.com;qpamgzlxnwb;52
140711280381384;nerijoumbfhsavxpgkw@gueregueremail.com;lyzpvbfarsnujq;57
140711280381512;ayuobvgtmpkdqjifelw@gueregueremail.com;ztgpaujwembldyhnis;32
140711280381576;enokrvzswhyxtgdfiabc@gueregueremail.com;ykaqhgvcipzsorfutx;66
140711280381640;bpxvedwoysnzc@gueregueremail.com;jqtvrhdnzuolfaimb;45
140711280381704;smdzptrkqhlfija@gueregueremail.com;wzadcbnifouhktqyvgep;58
140711280381768;lzerbkuixfhctogdn@gueregueremail.com;vkrgxzadhp;42
140711280381896;rbpqzkwnoc@gueregueremail.com;tnvurcaemyqsfb;25
140711280386184;mbswevcoxtq@gueregueremail.com;vhqewfytlbcdrugki;72
140711280386248;dkwunxfesbmc@gueregueremail.com;vkwectdouafbhgr;59
140711280386376;hsqdfazybriv@gueregueremail.com;apdljyunmvztgbqr;22
140711280386440;yxhmtjbokvquw@gueregueremail.com;aphsuervciqnzmbwgtfl;41
140711280386504;gksehacdrfuniyxwjqpb@gueregueremail.com;xtiqhmokarl;44
140711280386632;yhtzoxeqrpnwavmfguc@gueregueremail.com;hqxnsfcmouwapjrtdbyke;58
140711280386696;pndsxvhibgfqu@gueregueremail.com;jtfvaqodzxylur;44
140711280386824;sujywieqnzbcmfvgkxlr@gueregueremail.com;ndjtxamgulsyfo;66
140711280386952;qrydvkumfxahjcs@gueregueremail.com;ynxzmisjofrkcpgtba;24
140711280387016;urizpmfbcjqnsa@gueregueremail.com;uiqfpweavdngjhtrc;51
140711280387080;fyzaoimxcevpqubghkldn@gueregueremail.com;asfvephigwkxu;33
140711280387208;gthnlzxkmv@gueregueremail.com;pvormlinzauxbgqhesw;56
140711280387272;nucjbxzeloiftpdsam@gueregueremail.com;yrfjpotihu;49
140711280387400;jmzobeunyk@gueregueremail.com;stzxbhfoujng;69
140711280387528;kchywmpxfztvsrgebjo@gueregueremail.com;ugwqnszpdreftklybiovh;20
140711280387592;qjhlrmasbuk@gueregueremail.com;mjgeubsypdvz;72
140711280387720;mqgodbjkefcnzth@gueregueremail.com;lrsxtnzfpqvh;20
140711280387848;ajvbiucdghrzpkofns@gueregueremail.com;ibrzuvlswdgfjapqet;52
140711280387912;nwejgkcauih@gueregueremail.com;otrxqdwkgzeb;74
140711280388040;fduwtncgehpxsriqay@gueregueremail.com;ixpzntuocybf;29
140711280388168;gkncltiwdyvm@gueregueremail.com;ufhzcalebvywg;30
140711280388296;lscerpqvgjuk@gueregueremail.com;wevcmiulaxgdtrqp;63
140711280388360;cvxnlgebpyuzaiw@gueregueremail.com;tagovqlpiuhfkdrsbx;65
140711280388424;mpednwcjtlzsovbyrk@gueregueremail.com;zhxvwtakqegndmyu;57
140711280388488;clbxpdjuqvszr@gueregueremail.com;pxzkrwdlyh;72
140711280388616;qsirftbdmzgpxcyv@gueregueremail.com;btouxhvckw;41
140711280388744;mcljkguxztpwbnsydoe@gueregueremail.com;hwsinlfvdxprgzqbtjuy;71
140711280388808;xhinsgovbrcemjqalyk@gueregueremail.com;tjcalhxvndewmobis;37
140711280388872;ndrlchjufksab@gueregueremail.com;dtqlwagcyfhkiozmxensj;18
140711280388936;tuwknjxhrlyemvgaoz@gueregueremail.com;bcxyazmnhlqrgsiduwko;28
140711280389000;jlihywncpdkstrbfa@gueregueremail.com;zslmhvontugxiceqdp;66
140711280389064;sknmutzlacg@gueregueremail.com;jurclvadfyhbiwo;61
140711280389192;whadyrbpxgeqfjn@gueregueremail.com;sbxzuqlyvwdhai;70
140711280389320;dqirtgwyclnxovk@gueregueremail.com;mthyvgqajdebwzuisncko;19
140711280389384;juwvtblikyqps@gueregueremail.com;iatpsyzonjulhcr;38
140711280389512;blawmxsdcgozvtjhfnq@gueregueremail.com;yfegqcjhpbtvmk;57
140711280389640;paojgctiklbvedwufz@gueregueremail.com;rtafnyzhwucxegksqjvdi;75
140711280389704;ejylgixocwtrskzfmvd@gueregueremail.com;fpyutzlrdesxvqabocinw;68
140711280389768;zwjqexkpmbgycdtf@gueregueremail.com;zvgnbsqelmxwdky;27
140711280389896;berpdtwjgqaxyzmn@gueregueremail.com;aslzpcjbyvotqw;39
140711280390024;iortwkfdhpavu@gueregueremail.com;dpkbstcjwaomgh;52
140711280402504;zjdamrlxqwvcpn@gueregueremail.com;izfounhrygesvp;25
140711280402632;lhaqmefvxwpiusndkjy@gueregueremail.com;tlgxbsoijfhvqpdrwen;73
140711280402696;xvmzeudrcj@gueregueremail.com;hejnwmzxugvtrylsqdaic;44
140711280402760;ybwxzsgdvmirnkehfac@gueregueremail.com;nkfolmxguyrvbdiatpsq;54
140711280402824;gvjrpquzahoybfmw@gueregueremail.com;axesivmrflbdwqonuyjt;37
140711280402888;zonpceursx@gueregueremail.com;pjmhsnadzfykqvugwcx;24
140711280402952;aqhvkjimyguw@gueregueremail.com;bqdzvmfluwkth;47
140711280403080;sjkutcpvdx@gueregueremail.com;ptgajofixnqbhwycslmue;35
140711280403144;igylrzqcehoaps@gueregueremail.com;msyexgoqrt;45
140711280403272;qzxapfthyowrcdvkilnmb@gueregueremail.com;npyicjhkltxugdv;73
140711280403400;zsncjovwqd@gueregueremail.com;mjrnkvqwygho;30
140711280403528;mgqpaobvnesk@gueregueremail.com;cdzjvylhbwmg;53
140711280403656;xpywsjqucrdaitkoh@gueregueremail.com;hqcxadjwbloukzgptevyi;28
140711280403720;vxakreitmlwzpy@gueregueremail.com;jdepxoswriyblvhcnza;42
140711280403784;mvzwjoiatxgnue@gueregueremail.com;hpvnbsxqefgockjwdym;45
140711280403848;zdgqxbuysmojhtkfwncli@gueregueremail.com;jxgwybqteam;55
140711280403976;uqtnfkcsilxrjzhwpbme@gueregueremail.com;csydibnuagore;75
140711280404104;ctfyxjaqvlinuhsge@gueregueremail.com;nfwtbzyohmrjlkdpusx;56
140711280404168;mvtelircpgfnqyhub@gueregueremail.com;vqjfrmkleuzyhato;61
140711280404232;hpdwsfjtxuemklgqba@gueregueremail.com;avyiopqtxlgczuhjebfwk;53
140711280404296;nxkmoirpaywjs@gueregueremail.com;lyrsngcdxtuoaifpmj;25
140711280404360;oegdrivfxkltu@gueregueremail.com;yujfswbcxreaotvnhzdk;47
140711280404424;lsdryvwnmpuetzohgfajq@gueregueremail.com;bfxwpocytkqinmarudj;72
140711280404488;omjcxqukwar@gueregueremail.com;gwuoznrhalkytjqvdme;24
140711280404552;swuxctiqljakyrhenzf@gueregueremail.com;mzseyirdgpoqjulv;58
140711280404616;xgejqcolmtwzdnfhsiakb@gueregueremail.com;byrnegxzkousptvhj;22
140711280404680;hnpoztcmkqislabejgu@gueregueremail.com;nqyehobkcdav;57
140711280404808;zrkcvouias@gueregueremail.com;fqnmragochuzjb;65
140711280404936;ofukgznsalxvqrpyjde@gueregueremail.com;zrkfvduwhobpeqytng;32
140711280405000;bmnixrqyegasohkczuwt@gueregueremail.com;ucmxvkwohf;30
140711280405128;qakfbhsenvuzxw@gueregueremail.com;zrndkxgabhqftpwm;28
140711280405192;ibpvxerogmhlutd@gueregueremail.com;soumgphjqzxwevari;35
140711280405256;zsgvpubxmojnid@gueregueremail.com;vahuwqntiec;65
140711280405384;jxlkgdfeouvm@gueregueremail.com;eatodxykmvwpnrbhqufg;33
140711280405448;cjtnpebgiv@gueregueremail.com;cuvwkjsqnrx;19
140711280405576;ypknljhztmxiqrsbavd@gueregueremail.com;ptdjafwleuqvsbgnki;44
140711280405640;kcdeamilgotvq@gueregueremail.com;yhbvuxifgmop;20
140711280405768;abfcwksrxvql@gueregueremail.com;ebzokaildvsqnxut;65
140711280405832;uiqrdkjgsahtebxfoyw@gueregueremail.com;zpmkcnexlgdbrjtovwah;72
140711280405896;gezxjlrhniocdbwqspkau@gueregueremail.com;wybanzcisu;44
140711280406024;acmizxnersjlybu@gueregueremail.com;myfwuzqsxtbah;49
140711280406152;olmrqgytdvsjixcez@gueregueremail.com;dhospiqtlz;25
140711280406280;teaphvkogminxlrby@gueregueremail.com;tgqjoxpldhaf;47
140711280406408;pjlmknyibteushxdg@gueregueremail.com;ejxopfnqulzhbtdrvigm;54
140711280406472;ixlvatyspjkdqb@gueregueremail.com;ecrfpujbwqnkysv;55
140711280410760;xavmwnoqblrgcyhtzd@gueregueremail.com;kahtrwsofclqe;72
140711280410888;glzxtsoeqavj@gueregueremail.com;ildmzcubteyfrgp;56
140711280411016;xuelqvnfgtibzyop@gueregueremail.com;jmeduhrkwqsacpiyt;35
140711280411080;tdhcjypveznbwiqfoxuga@gueregueremail.com;yclfeqdnjkxhzp;37
140711280411208;jkzqitxshmyawg@gueregueremail.com;tbxzlukirepmqfcdovwj;36
140711280411272;dmoxanjfhtlicqwr@gueregueremail.com;irsvzxufqajbtykwlnpg;33
140711280411336;nqvzbdeaijfkxolcypm@gueregueremail.com;elunigfqzvrhptms;48
140711280411400;byoakvtmidejw@gueregueremail.com;uedlyosfcnkx;68
140711280411528;sgckiubdanfhvwxetpr@gueregueremail.com;wculgepvjdthnykfbx;63
140711280411592;ljoymqdgahbwr@gueregueremail.com;fpekzanbxuisrotvdcqjm;31
140711280411656;izbeyxjmnuawkpcsqvf@gueregueremail.com;ibdruxhgaons;59
140711280411784;coskqlrpbngivja@gueregueremail.com;qjocurkelnzmh;18
140711280411912;zmtevbqgiuorhkcldyna@gueregueremail.com;wbicefrmlajhzvktunpd;38
140711280411976;czdervnhyb@gueregueremail.com;ihvdxabgmwkfnoup;39
140711280412040;irtpaylvfse@gueregueremail.com;geqysokjarud;38
140711280412168;kmhgxlefotzsvjucrdwab@gueregueremail.com;bjhrtfigmexkocns;61
140711280412232;jshbkuazgwtfxlcyn@gueregueremail.com;xpjszhbwcg;47
140711280412360;kjufvrphzldtigbwmqyax@gueregueremail.com;frseohvcbxlqwipdka;34
140711280412424;zcjfuehopy@gueregueremail.com;golurmzdtefyicxhnbva;39
140711280412488;luesfxahnypidvbcqt@gueregueremail.com;thxdfnqjbocugrzsview;37
140711280412552;oicbyaulzvqkmjhesrnf@gueregueremail.com;fhmtrpdkxcbyavwjl;30
140711280412616;utfpzejirnoabx@gueregueremail.com;nqvhxriudbpmzckjalwet;36
140711280412680;jlcrioaqmtxpkzwehunf@gueregueremail.com;lfydeqipbogzckh;50
140711280412808;qgxbfmyrdhpzatuovnis@gueregueremail.com;dmsjbwykzflovch;63
140711280412936;usatjxiqdc@gueregueremail.com;vscbpaytnfro;54
140711280413064;xwruhjozckpievqlsfmg@gueregueremail.com;gtdjnuhkerzaclm;42
140711280413192;vcifbtsuqozrlepgk@gueregueremail.com;dbqtzcwxekrflpmn;39
140711280413256;pnfacwhzyom@gueregueremail.com;wngqvyumbrctsxkhjop;39
140711280413320;mkpxqwyeibzovasn@gueregueremail.com;ijogmzeuyk;19
140711280413448;rhvgdaiuoplyjnfkmbce@gueregueremail.com;ufnogybmqhlcsaipdxr;46
140711280413512;ajimdfzcrsvbegoq@gueregueremail.com;rwvgtzkafdhuqy;29
140711280413640;nzxesotajcpl@gueregueremail.com;emwltnohgsfy;56
140711280413768;pmtqyivgufhsorazkcxb@gueregueremail.com;ehpyxqtgmofclksjiva;21
140711280413832;grynuomzbtiejalvwckqx@gueregueremail.com;srzylfhbqgtimnjuk;38
140711280413896;cgpwlbkoevsjaniyxmq@gueregueremail.com;cqulbwdzyfxaoh;74
140711280414024;tgrhenzsfpawiqkbomyu@gueregueremail.com;ucdtnomxqvwir;36
140711280414152;lmejuidfsrqx@gueregueremail.com;wiuaygjvmzs;19
140711280414280;eaofxdlvbucmrqhtgw@gueregueremail.com;lwtmfurncxivh;62
140711280414408;sfyhopiexqgb@gueregueremail.com;mfpkjrauxhovndb;25
140711280414536;rjgdbzipsfalmncox@gueregueremail.com;ziaptfskubhdyxvlmgjon;58
140711280414600;nhvwyiklbtmczuexagr@gueregueremail.com;urhzjxgqnetclwiykdafm;73
140711280414664;uhwqrpxcevlb@gueregueremail.com;ozmpwjgabulthknd;32
140711280418888;yzxkqjcaptvd@gueregueremail.com;ozhrewjmfsilkgu;18
140711280419016;varqswhifgejtxpocd@gueregueremail.com;gsjahqpibdwrtuokx;40
140711280419080;zqjxrfwshoylenad@gueregueremail.com;omghxtsupbla;26
140711280419208;enxwjqsogthirzl@gueregueremail.com;kicatomwpusl;66
140711280419336;yhekxvwagbmtsldzur@gueregueremail.com;tczswpojyverflh;49
140711280419464;yvewrkjocuansmxgtfb@gueregueremail.com;stmaxvurkog;49
140711280419592;kxiodawtlgpzbsc@gueregueremail.com;ruyqkghpbnwzif;47
140711280419720;dcipgjfheyvnlwsoqktr@gueregueremail.com;olqetigakumfdrscw;24
140711280419784;xronucpivbsmqfyjwkel@gueregueremail.com;dexjfislorkbnpthc;43
140711280419848;iqrwtdfxzujneac@gueregueremail.com;jvkpqnxzumliteosch;66
140711280419912;zxestkpyvjnc@gueregueremail.com;sqgdluncjvbxafwkye;70
140711280419976;yuebstrzjdlkiqpwgnv@gueregueremail.com;vwsgpxajmhldnbuki;66
140711280420040;ftuqnzkyswmbeahi@gueregueremail.com;owknfxecbmsyqg;23
140711280420168;rkcwytiazdhljfobqngux@gueregueremail.com;azqpjnwosifmgx;21
140711280420296;kiqhzlrjfas@gueregueremail.com;dnoywzxvumtf;19
140711280420424;yqjpbtznclxfukoares@gueregueremail.com;fadmgouzevljwqcrxtisk;20
140711280420488;cfyuajkpzmn@gueregueremail.com;mfpsdgxyvrhzaeqlc;62
140711280420552;aynvezighxb@gueregueremail.com;zhqlegjbwp;54
140711280420680;wepxrzqvlcibhyagnf@gueregueremail.com;meqnpvxtbrysdigh;31
140711280420744;dvjhanerlgkuomtwycpsi@gueregueremail.com;qfhlbrcpziog;29
140711280420872;ehdtpxsvbmucif@gueregueremail.com;qyfvjkigxpatws;66
140711280421000;jmrbayiwpvlhkqcn@gueregueremail.com;fnxuwztqlorcgbdypis;51
140711280421064;gpsflmnjxhuyzbtqikad@gueregueremail.com;qeijwboxaurfks;56
140711280421192;spoxqjnczekfvtd@gueregueremail.com;zifgvwnhplesauo;33
140711280421320;owkavizyenmhq@gueregueremail.com;qptlbharikzngwjuscv;73
140711280421384;lrvfubxizgj@gueregueremail.com;cjhkygrpdfsu;27
140711280421512;kvwyrxhitemlojfgqps@gueregueremail.com;hrwxjebnfcp;41
140711280421640;xlcquvejzphfrgtd@gueregueremail.com;cbuxhtlypfgrwmjn;70
140711280421704;xqefbwlcdvrzmgu@gueregueremail.com;lnmyvqbdjtfg;57
140711280421832;phrcojbwvfmgniuqely@gueregueremail.com;xrmetpznyfwklug;55
140711280421960;tgxibuwrkmhfeyosndcj@gueregueremail.com;kaflnbjozehgr;29
140711280422088;cbntqkyairedzmjuxofgh@gueregueremail.com;wfqusrhybilxt;72
140711280422216;pudsahomtjrwxvfngq@gueregueremail.com;ygctkrelvqas;44
140711280422344;eyugofbqaxhd@gueregueremail.com;bdauoqzfxcejmrhkvl;74
140711280422408;tcoxburwhnp@gueregueremail.com;zbtjwcpogdve;18
140711280422536;udgvmxsenihtbyolzqfwj@gueregueremail.com;dozyjcrlihuaek;52
140711280422664;riqslhcyuxe@gueregueremail.com;rxoukbyimpwdazjscvl;62
140711280422728;opukajxzlhftgnqmewvic@gueregueremail.com;dcmloxnbtpwjqarefuziy;46
140711280422792;rnhkmvfptwqgilcu@gueregueremail.com;mfyoluexwgqbsrckhdia;73
140711280422856;kothjrvecabpfmzwgq@gueregueremail.com;jskmfvpcuogadinrtyh;54
140711280431176;lzprfogedvsknwimujbt@gueregueremail.com;hupcwzkymleqrtgj;45
140711280431240;lquahsonjiwpcrgzexmt@gueregueremail.com;wisnqpxuefvya;54
140711280431368;fwjyidoauvzngsrkpmx@gueregueremail.com;wrncamgfyokqp;48
140711280431496;cybgswxledtzpmu@gueregueremail.com;qjmntkwbydu;26
140711280431624;cgrkojufaipqw@gueregueremail.com;bjsynewuvxha;28
140711280431752;liocyfhrtd@gueregueremail.com;yiadthojbenm;68
140711280431880;sfghepkjvlnyiadqorw@gueregueremail.com;bcexntifkdphoqg;33
140711280432008;cihwofmvyp@gueregueremail.com;bysphfumaqvcgk;57
140711280432136;xqrnugcywhdv@gueregueremail.com;apsgvkohrejlmcuzyn;75
140711280432200;gcotbiafudnmehszyq@gueregueremail.com;wxniolrctaqp;34
140711280432328;xestlgajyvbhouf@gueregueremail.com;igmbjyxhdpsnl;22
140711280432456;fvnptqymhslkwacugbije@gueregueremail.com;lhovarfjiybdksgpteq;70
140711280432520;yzxubkhrtoepndi@gueregueremail.com;xkrdugfnvlsbzqijah;27
140711280432584;ditmfgroqcuwzjlkp@gueregueremail.com;rliqkagdpjey;55
140711280432712;hakzmtuirbqofnwv@gueregueremail.com;inqxdjraylubcghwpzft;28
140711280432776;ushfrdbqecjy@gueregueremail.com;jdnyfkvhbucreaxtzo;67
140711280432840;bmnecrzxdlitvygskhpuj@gueregueremail.com;fmzlipsacuyhjokxngt;24
140711280432904;gsdacnhlpizrq@gueregueremail.com;besrkvtayujlhdpoqfi;55
140711280432968;ktchzosrpqamlnjyigxb@gueregueremail.com;cfkpexvdhng;47
140711280433096;fvjeqshaoclrxtw@gueregueremail.com;vomkfzcwlysn;26
140711280433224;ojbruptvcewxms@gueregueremail.com;dfgcxnayoz;67
140711280433352;ixtazlrkcnhvsqwybu@gueregueremail.com;itdfnebsovwa;46
140711280433480;vrfxlohyujgdk@gueregueremail.com;klwrntxopbagsfqdz;71
140711280433544;odywgkzxniaqcufp@gueregueremail.com;jpycnbhwxtldrqaoiuz;54
140711280433608;dtznywbrlmvekaop@gueregueremail.com;qbpoiuxvjnewc;36
140711280433736;nlpmybkfhqvsztad@gueregueremail.com;xftlaohgnrieckwsv;18
140711280433800;xucjhdtzafpng@gueregueremail.com;masqhbdcierfukwjnoz;52
140711280433864;yezjtbrdipqk@gueregueremail.com;yxsdizehogvfw;72
140711280433992;mquobjlainx@gueregueremail.com;qvrodfpkha;73
140711280434120;cjqwsnkzrltpxef@gueregueremail.com;doryztebix;52
140711280434248;phcguxeowjzsmlkdayif@gueregueremail.com;xhljciztowvygk;21
140711280434376;lcztjwnasmxkyrbuqh@gueregueremail.com;maufiqldtyp;52
140711280434504;gfydxrtpkbao@gueregueremail.com;jnhaxovcsmbwpudkziftl;63
140711280434568;hogyzjdtsfnr@gueregueremail.com;fqunwktdvhsozjeybp;41
140711280434632;rhbglmwqijyctfak@gueregueremail.com;gktowvhmxj;35
140711280434760;neaktmopqjhf@gueregueremail.com;aiqkexhzgnuldfmsbrwyt;50
140711280434824;qkijnsgytx@gueregueremail.com;mwodcshgnueirklt;38
140711280434888;nevdcaotxizwlprg@gueregueremail.com;uhopcbfnjltwvzsardyk;53
140711280434952;euhsviafqxcndlkpbgyot@gueregueremail.com;arftwjsbzmgchndvpq;49
140711280435016;carpxetzwqjis@gueregueremail.com;nyumvhroklxjde;20
140711280435144;gfidvqksnezwoly@gueregueremail.com;exjfzlhiwagvdkombn;70
140711270371400;bwfhkseazlidg@gueregueremail.com;mqdtolsiwnyrgxajubfhz;63
140711270371464;fosnvclwubht@gueregueremail.com;jwbprinakehoyldfqcxuz;56
140711270371528;xavgbdqnkszptlu@gueregueremail.com;vadpbhsezykrjgicn;47
140711270371592;csrklgyfjiebxaznwdo@gueregueremail.com;opwshrubzdytecnlqavf;41
140711270371656;pzbjoufvqdkh@gueregueremail.com;abgzdnuvlhreqkwcmyftj;20
140711270371720;lxihsmewnco@gueregueremail.com;cyphdsnrexkjagvom;71
140711270371784;hbsmlrtequpzvxcngawyk@gueregueremail.com;kdzjpfcntgwbvomiresuy;67
140711270371848;ljwmxpkqcoutynbedzr@gueregueremail.com;yvotfumqgxhsziknjr;27
140711270371912;lingturehfwpkdoqxjza@gueregueremail.com;qxfgjasykh;73
140711270372040;imepxgrauob@gueregueremail.com;egpcxmfyaqzo;41
140711270372168;thcekjpubdmxal@gueregueremail.com;maefnsxwyvopibzrjglq;21
140711270372232;mkvqstpogrfjyhae@gueregueremail.com;gdvoarwmhuils;48
140711270372360;odhsfcmgbarekpvqzjx@gueregueremail.com;gxjlksdnrczbvaiqumoet;26
140711270372424;gbvmzsudyol@gueregueremail.com;bvhocyiazkgwnuq;53
140711270372552;qmnkrfdphzeso@gueregueremail.com;hnovrmpbyslicwkafu;59
140711270372616;jlyatgcmqdrwzxik@gueregueremail.com;ijrslyzbgxkoceamp;24
140711270372680;pwsnfekqyuhbd@gueregueremail.com;bpoqxvitwjes;20
140711270372808;myfwgdblqiajhks@gueregueremail.com;ukyiqrjlvxdanowbtpmh;26
140711270372872;goihfzpbmwu@gueregueremail.com;qfldespijnwxckr;35
140711270373000;juezlpfyowtdskb@gueregueremail.com;uxfirgcsqymwpkhdvj;38
140711270373064;xuowyfdtjaqvl@gueregueremail.com;vixdpzohkjtca;73
140711270373192;tnkbprzqfgmawiy@gueregueremail.com;jhxmtfyrkvzngoqu;19
140711270373256;uwxksthaynzfvldjgrpqb@gueregueremail.com;ivjwzxroytscuhbkmlgqd;57
140711270373320;oxbflgswzajckyhiu@gueregueremail.com;sktpdqgfzrwi;50
140711270373448;xpfynmsurtb@gueregueremail.com;nawhgcbkiyteolj;55
140711270373576;pujgxhdqkmfaoz@gueregueremail.com;qldozskbher;22
140711270373704;kvmzfdcsgerpyljaiq@gueregueremail.com;jecxmyvlrduwiq;52
140711270373832;efhragbvstncjdy@gueregueremail.com;qsjehykxdgtlbwfpiov;70
140711270373896;ympjlwcbsvzgf@gueregueremail.com;wydrfunabhivcmtgqsljz;50
140711270373960;qfvjgbrsph@gueregueremail.com;xlaivntgyo;28
140711270374088;boenlpduvygmta@gueregueremail.com;acnmujgvebsdwqkortfxi;57
140711270374152;hzgjyopribkevfsndact@gueregueremail.com;aksxlgefimnrhdopjbu;25
140711270374216;zokeajyspflgqruntbwhv@gueregueremail.com;jbydqwntov;40
140711270374344;ybkxjcmofpntqu@gueregueremail.com;hspazfdeyouxkrcbwgvj;29
140711270374408;nmhdupgfyw@gueregueremail.com;zfjqyoxrpkmwhsnbiud;20
140711270374472;xhunrbkomywclj@gueregueremail.com;aodulksreczgi;37
140711270374600;sbrctzuowfkni@gueregueremail.com;ykznfcjsidpmhqrtgevu;18
140711270374664;jwyasxvpdhzmfqb@gueregueremail.com;fgriolsjqvn;27
140711270374792;fbykerdwxuonvimh@gueregueremail.com;zqvwofrnsaiecbduj;18
140711270374856;nzolpvtjwedys@gueregueremail.com;drhevpcwbugli;18
140711270374984;lzmxivugypckdj@gueregueremail.com;jzcimbglknfutorxwesy;69
140711270375048;fzonvpdmxkcstg@gueregueremail.com;merugqlvathkfywc;71
140711270375112;pfvomidabjcsnehwq@gueregueremail.com;mwxqdhseplonfzurbitkc;18
140711270375176;wvbpckgztim@gueregueremail.com;wjdyfugbothzmsp;69
140711270375304;exsfwkvyqpjncd@gueregueremail.com;uskfmrjhoxgqbv;44
140711270383688;afngdupowte@gueregueremail.com;qysfuhxnwgatdkzoljbp;36
140711270383752;txjzedpuagnwsbir@gueregueremail.com;zqfrnimugbpcwjavloh;58
140711270383816;sjxaobpzfludycegnrq@gueregueremail.com;xizrfjlcesngpvmto;51
140711270383880;leoahjuknytbr@gueregueremail.com;ibdxnpyqjskumtgwhafz;29
140711270383944;zamqrpcoyxu@gueregueremail.com;oeiawfjzcxhbmuk;20
140711270384072;mfwiclrbhuaq@gueregueremail.com;qejdfncbtruizxvmy;35
140711270384136;gnjvxlzaiuebrpfw@gueregueremail.com;zamcdrxouyk;36
140711270384264;padrqklzsigmbnhu@gueregueremail.com;jncrdmbastkvlezhyq;37
140711270384328;hwefpltukanqjd@gueregueremail.com;eybawojzngqvcuk;30
140711270384456;dmxqbwgrkts@gueregueremail.com;vanbprmfqoucwizlgedsh;73
140711270384520;twxpvbesyqfnozr@gueregueremail.com;xrhswucjqtdmepvofba;59
140711270384584;hxvlzwntqakcfire@gueregueremail.com;gbldxhiwcvfnpqoe;52
140711270384648;aiohglsnpzrjyumdtkqc@gueregueremail.com;lvopdxbfyasgqtucwmih;37
140711270384712;swryhtlnijpbdaczexmqv@gueregueremail.com;bkfcuywoqadehmsj;70
140711270384776;nxusemtijfwrblyadg@gueregueremail.com;jaifwkdeozgbplc;71
140711270384904;xzuevoiyafnckmj@gueregueremail.com;ejrtoqglnsxvubkh;67
140711270384968;ljbiauvtszxrqfwpgk@gueregueremail.com;xmlezsnigbdrkyqhv;61
140711270385032;xesnghrwfmzqkolba@gueregueremail.com;wxvktyrpmibn;61
140711270385160;fqrhwbscvank@gueregueremail.com;ejhwxgofucmltadzis;52
140711270385224;wfvmilxkeqsgdyjzchrbt@gueregueremail.com;onexjlamvtycizhukr;42
140711270385288;lsrtyukgoaxnfqvi@gueregueremail.com;cndykzmlbaxgsvq;48
140711270385416;sipwqhkegyomlfrzat@gueregueremail.com;tyqdbexgfvompkuasrlzh;48
140711270385480;bjnmtsiwfyurhpk@gueregueremail.com;nyeqfxrjiupmwgbzdvs;67
140711270385544;mbavwqzctigudkojehn@gueregueremail.com;zlnmdbikeroysqtf;35
140711270385608;wdputegyqvmrs@gueregueremail.com;lfwrukcepgihsyajdzqt;43
140711270385672;ijrevmglfdo@gueregueremail.com;smalqpecigxyrvobkd;24
140711270385736;mfvjrgsuobni@gueregueremail.com;afgjywxnczurvtslmk;53
140711270385800;dzfubmgqkhyljrctowx@gueregueremail.com;cspongvkyl;70
140711270385928;rkqwznifyvjldubmxgpac@gueregueremail.com;zuarxvoijcbytlgep;60
140711270385992;epqlvdnkuyitjsrhbmzxg@gueregueremail.com;ctelmjvurwiyxkdg;57
140711270386056;ochmrxlspbuqkt@gueregueremail.com;nmexytisrkquldvwh;44
140711270386120;ucbhylikxrtfv@gueregueremail.com;bnuiaelcyh;21
140711270386248;lwjsfvcezdxk@gueregueremail.com;taephkocgnjflm;41
140711270386376;kbiretxuljwvmzfh@gueregueremail.com;gpwmvlkhtjfrdoeux;68
140711270386440;spxkgaufqtoblymdijrw@gueregueremail.com;kchbymwuvpraojnz;32
140711270386504;gjspctinmzdufykwqvera@gueregueremail.com;mjbfpycgdw;73
140711270386632;hyatlxqkjvi@gueregueremail.com;parhteujsbqxcolgkiz;29
140711270386696;fovdxphygntuqcwb@gueregueremail.com;uokmsplicnfghjqvyd;32
140711270386760;tomurqkfjvcaglyhnpeb@gueregueremail.com;ipnrckexlghwvqodjfu;41
140711270386824;ectxwagsfobjriplv@gueregueremail.com;jprdfitsahwbng;43
140711270386952;yfhqivldwzx@gueregueremail.com;pgaebihwuocltvfrkzn;21
140711270387016;wbdygzmuhvijlqp@gueregueremail.com;wjthvbkezm;58
140711270387144;actslixhzd@gueregueremail.com;dgmpehljtxqan;49
140711270387272;kjmrdegplfz@gueregueremail.com;nzpjhrbfiykxlsog;75
140711270387336;exnhvsfyuc@gueregueremail.com;qubtpdyvxowrsheknamzj;20
140711270387400;lmsugdfjqcpybxet@gueregueremail.com;gniuksrleofdczt;39
140711270387528;sfmgitkvzpxewabucoq@gueregueremail.com;jgbhedcwmqiloa;52
140711270387656;vfxnqmypslb@gueregueremail.com;htgckmbyzqpsdawie;49
140711270395976;lscogbfytjaxwdr@gueregueremail.com;nqdmhtbofusrgayl;41
140711270396040;bpcemzkodga@gueregueremail.com;cnmhdezawpr;67
140711270396168;sghrfvdqxuapyb@gueregueremail.com;pfhwrsbxdkvug;72
140711270396296;kwazxbemhvgc@gueregueremail.com;froaetjilbdk;35
140711270396424;quoevshfxty@gueregueremail.com;ncfmgezypswil;52
140711270396552;pvdarbzskqgy@gueregueremail.com;zbeyscuwkhdjotm;58
140711270396680;kbcvgosfdaxwtnjrqlz@gueregueremail.com;tiyuwszgveqarbcnfo;45
140711270396744;caiqnyskudegvfhj@gueregueremail.com;ldwmpfqejcavxrkhb;60
140711270396808;vwbmyjchgtalodpni@gueregueremail.com;knfhvldsietwxc;69
140711270396936;wsdeymkutljnqcov@gueregueremail.com;twzhpasclvuqbejxid;68
140711270397000;blethqsjvuygoc@gueregueremail.com;ofizjndgerwtxsypkv;32
140711270397064;resiwjutcfklay@gueregueremail.com;soibvkgwuzdpmqyftl;49
140711270397128;xfoldcjimgwvp@gueregueremail.com;igbadtjxreqlkycwf;62
140711270397192;etlkwvqczu@gueregueremail.com;qvmakbxoznfugert;39
140711270397256;rmeyltqnwfgdhicpaou@gueregueremail.com;ovhfeuranlgtcmwkqzyd;67
140711270397320;vexfnmoyzgijtpbluqcrd@gueregueremail.com;bpzeiklostmyvf;73
140711270397448;kanxhtmswpogejcudrq@gueregueremail.com;nwscyzfhvolbaqkprjte;22
140711270397512;xhrifletcjnykvb@gueregueremail.com;nwckaqrlyfegtm;25
140711270397640;xrkvipesdqmbcoau@gueregueremail.com;pcuxnjiqltfrd;43
140711270397768;pvqlhrjfadzyxugmict@gueregueremail.com;bqjvxpreiosfdwmh;41
140711270397832;xzwhdgocvfjkupqebmr@gueregueremail.com;eduksfjzvlngbxpmr;38
140711270397896;kzualiwnxd@gueregueremail.com;ibptuhndrjvazgfmxs;74
140711270397960;bgrneqzyuch@gueregueremail.com;kndzsfvybcgxreualqpj;26
140711270398024;zxhkiuynajmflrc@gueregueremail.com;dkioycxnpshrwejla;26
140711270398088;nuvyfqxpmbgca@gueregueremail.com;btarefuskjcy;36
140711270398216;bcdginorvlyjexqapzkmw@gueregueremail.com;qkzuwogepnivldxbm;45
140711270398280;xtreqdbgswmkhpv@gueregueremail.com;gantheumjdqf;68
140711270398408;utqxcyfewgjsoidrv@gueregueremail.com;quzcbfdygwmkxsi;28
140711270398536;awvcszfqhmdxrpojbgtlk@gueregueremail.com;qvegbufodn;65
140711270398664;zmfwukrcgto@gueregueremail.com;hasufpvkybezoqrcg;24
140711270398728;gveaiswqclrfntbyzkmd@gueregueremail.com;mredoqaflwizntvbgyhju;46
140711270398792;oesabugpklmctr@gueregueremail.com;avistypnlzrecwkxm;20
140711270398856;dkytvwnjcsbhqa@gueregueremail.com;uswrekpjnyqo;61
140711270398984;lmnsgbkyjc@gueregueremail.com;spgxlyqmio;47
140711270399112;ktrvbjpclsdxfhnioq@gueregueremail.com;ncfhgujwydbkltaqsxv;40
140711270399176;ugcfedmbpotniyvqwk@gueregueremail.com;abjgncflerwuhd;75
140711270399304;pcqiysfvarm@gueregueremail.com;gajkmocxfrdiwvtzphy;29
140711270399368;tgdlvjkrnyqzwxamish@gueregueremail.com;hnyuxrlswoticfzmq;34
140711270399432;tgxqzlrpsw@gueregueremail.com;zmpvheufko;55
140711270399560;mowfrnyhjxuqbvi@gueregueremail.com;xmpyrvunezs;27
140711270399688;hfbepwlngoadqzjsv@gueregueremail.com;uqjifpslgcyxetrh;62
140711270399752;eoxvlmkrhpqaz@gueregueremail.com;hptxkscylaejbdimnqf;50
140711270399816;pywtmjlgehxbin@gueregueremail.com;lstwmcnzgfoxjverpdhbq;21
140711270399880;xpgersdjlqfyvci@gueregueremail.com;ripqkjywfn;26
140711270408264;srfpgwjqbktxleca@gueregueremail.com;rkixmycpenwfvlhd;32
140711270408328;yechrbkpjiwdmozn@gueregueremail.com;xsitrfkzhmqalwvdgup;37
140711270408392;ucgwsrtmnqpzlyie@gueregueremail.com;itdmyjnfzo;33
140711270408520;yoqmrdjifnvzsugwah@gueregueremail.com;ufypamwkrshnoetilx;19
140711270408584;nhzeuqlfgvrwoicxjsky@gueregueremail.com;miracgedvbjlshyownfz;35
140711270408648;xucwlzpfihyenksmtobvr@gueregueremail.com;fmrljeucxwdtaih;71
140711270408776;zbamjvcstopg@gueregueremail.com;dlztsvxagfbnwycehjp;18
140711270408840;hjxogltrdiabpkmfnvuzy@gueregueremail.com;gapjoiqxvbdktfhlwcrsy;49
140711270408904;fuxotvwihdkqjg@gueregueremail.com;ofaxqpndzkvb;74
140711270409032;nyqwszedafx@gueregueremail.com;gobtheavymsqij;31
140711270409160;usymravnkdlbzhipjxoct@gueregueremail.com;yfasilunztvwpckgxe;67
140711270409224;fykxmspign@gueregueremail.com;kpqiobanuzevxyjgwsm;25
140711270409288;qpaudwnkcles@gueregueremail.com;uspnwxbzygotficjrvq;65
140711270409352;zukwmavfdh@gueregueremail.com;tkhemsqcgdalpwuj;24
140711270409416;jbmclivxdage@gueregueremail.com;fyhljeuacrktbogzi;47
140711270409480;xykelqzapdbwcfs@gueregueremail.com;yjwfnebtdarlk;43
140711270409608;nmwpubrqtlai@gueregueremail.com;mxjnfcoklvqdz;28
140711270409736;fwtpqhuikrojmza@gueregueremail.com;mjunfcxlkw;50
140711270409864;bmlqvcjnpyk@gueregueremail.com;nxybdfpwrtgqau;54
140711270409992;jbztpavmhcwoyr@gueregueremail.com;snrxliyfcd;53
140711270410120;xcjbtywmshdp@gueregueremail.com;wkesxltzarnjfcdug;21
140711270410184;ostiwfuyxbkncazq@gueregueremail.com;kvpowdrbfamsgczu;55
140711270410248;thgqcmlosuafekjyxwzid@gueregueremail.com;vpitnhumkxjbafd;21
140711270410376;drcjqaexwymiopgtf@gueregueremail.com;jqomwncslpz;39
140711270410504;arwevbzhdfktlmuj@gueregueremail.com;ohqfsinpdumevzjxltckg;39
140711270410568;spvxeabcyrnuglqzoth@gueregueremail.com;mpghdebjqfct;18
140711270410696;arytlsecvjdzhimxgwbn@gueregueremail.com;qfkhdzanprxmetoyj;60
140711270410760;lfocvhyxteib@gueregueremail.com;gjevsnowlumkfrc;64
140711270410888;tmskijhogrqvwbxznuf@gueregueremail.com;phzmiqjbkvaeuowfcysxd;52
140711270410952;jrkibeszhyxuqfvw@gueregueremail.com;jrgqhdatenlf;66
140711270411080;ycxlgopeanud@gueregueremail.com;cdpztfyjvqhrbxilu;63
140711270411144;mlfesbvjawyid@gueregueremail.com;oweqlijcbnfdyz;41
140711270411272;uahdzkpsewxifjqrm@gueregueremail.com;dizhkgjlsavw;60
140711270411400;aozkvmruhgitnclsxj@gueregueremail.com;qvrbaxfsuijdyketolhw;71
140711270411464;zogqpvwclhxjdmfue@gueregueremail.com;dkupersilzjwvnfmoaqch;30
140711270411528;oztlkrqynspc@gueregueremail.com;hsdlcjvpatguy;73
140711270411656;wgvylbtcnqsrjm@gueregueremail.com;ajfvbuikxo;22
140711270411784;oleprujgdfhyqxktwasim@gueregueremail.com;rdktiovqczsgh;18
140711270411912;ecughjdyza@gueregueremail.com;bxynueodtfvh;49
140711270412040;lpgthduyvbqozxiswf@gueregueremail.com;wqgsyriathmnkluf;67
140711270412104;pzgxdjtwkehm@gueregueremail.com;mjltvzinkswgbhufe;57
140711270412168;kctpuonsdqwgfivj@gueregueremail.com;cwxplbyrqfj;65
140711270412360;ihvxzlgarpectsdn@gueregueremail.com;ismnjwyogfb;71
140711270412488;mjiuhgdvaqkcyfnrxzetw@gueregueremail.com;tkrelhcnbaqv;29
140711270412616;ouniksbyxdwhrvljemat@gueregueremail.com;zilxhwbqoua;34
140711270412744;jnrplymgbt@gueregueremail.com;pvsabjykmhd;40
140711270412872;pkazyubwmhevislngt@gueregueremail.com;kvcayugxhjr;70
140711270413000;egrbxapovzclqmwuifydk@gueregueremail.com;mncvgtepbi;71
140711270413128;lankpogtmshqy@gueregueremail.com;tynbjpmdouzcqslwgx;23
140711270413192;bathrdpjoxmvs@gueregueremail.com;pxgeqthbwm;59
140711270413320;wvjpblzaghtoyiud@gueregueremail.com;sdozjahyrmqcpinlfbkg;18
140711270413384;etvclpgwkauq@gueregueremail.com;ycmswdailptheujq;48
140711270413448;reaxombhqyngc@gueregueremail.com;wjxshynkpmqcevobai;74
140711270413512;jrfnsutkvpi@gueregueremail.com;ofplnemjcgdas;40
140711270413640;itbofmqskxhyzgwvn@gueregueremail.com;gsdyeiawxfk;75
140711270413768;cfjuokdsbzi@gueregueremail.com;waizoxmyjfbl;68
140711270413896;hvsrncflxdoeaqzktgpu@gueregueremail.com;uqmbiacwjfelvdgnksy;55
140711270413960;lgzqobatrjikfyneps@gueregueremail.com;gpyhlbqkix;68
140711270414088;nebpqwfcot@gueregueremail.com;qmkuytzdhxvawfsljib;41
140711270414152;fedvzpaowbtsxcuih@gueregueremail.com;mkojhtecwqxblzgrfynua;74
140711270414216;kgrhmljbqcunefti@gueregueremail.com;gmexuickrjqow;62
140711270414344;gzqmxsfpvnubot@gueregueremail.com;ogjfibhpmyvarn;29
140711270414472;txoqibwevczyh@gueregueremail.com;cksonqgibavmlxtfjhr;39
140711270414536;yxufkwnvegzqajsmchbi@gueregueremail.com;iltrpugdcnev;59
140711270414664;hqozgpatwdvem@gueregueremail.com;ouypdsjkfwhciqvbx;57
140711270414728;pukjsmqnxeiyovtlafbg@gueregueremail.com;txjbwadzueclhpiqf;74
140711270414792;weqymcbandkxsl@gueregueremail.com;tynrbhjzlpsqcgmkdfao;20
140711270414856;cmnxdiaeyrsfvqhpkgu@gueregueremail.com;lickfebpyvmnawt;28
140711270414984;zcodvarmlfswpxnteybuk@gueregueremail.com;bteqflowdujk;52
140711270415112;xjrlqaeidowbz@gueregueremail.com;qrjgmzalpikxn;55
140711270415240;epmitckawruby@gueregueremail.com;zqcwalfpdjenbkgvxto;63
140711270415304;vnfjlerapbd@gueregueremail.com;efbzgtocshipanvl;70
140711270415368;tunvxeqdhjakiobglws@gueregueremail.com;oniwpcqmfbazjyesr;39
140711270415432;egvdyjqumzl@gueregueremail.com;eiawbrljgnu;63
140711270415560;mkzpraxgfwlvcsiht@gueregueremail.com;yklvhfqiopjwuazcg;72
140711270415624;bfsouhqldjvkwrzc@gueregueremail.com;gjnmrckliuvyfbeqxwa;37
140711270415688;prkjqdgysicfw@gueregueremail.com;jbqfeumzakrlxsciydp;68
140711270415752;mcovgrzyhpekfqtjadwu@gueregueremail.com;awrnqthbdcukgs;42
140711270415880;fvwtcdnlkepx@gueregueremail.com;pynbrudlfjczshixveta;62
140711270415944;aovjlbcwifmdpnyug@gueregueremail.com;jcgqdnxvpmoi;58
140711270416072;sctimebdokv@gueregueremail.com;xztgjqvoiekcymp;75
140711270416200;ygvtnsmuqockf@gueregueremail.com;xyntfqcjomszg;46
140711270416328;etihjbnkpcqzyga@gueregueremail.com;gtnpzbldhiwju;46
140711270428808;lktdbsoxzhwc@gueregueremail.com;nourlyhfcksmvzjtq;49
140711270428872;cqjxdaosinmgfzvpukt@gueregueremail.com;fvguzpdoakjlisqyn;71
140711270428936;ymexwtuipanjlhbfqzskc@gueregueremail.com;nwubfczgkdsolxt;32
140711270429064;wbtoylmgnfrkiszxuvjc@gueregueremail.com;cdrlbmvhwqpaxs;66
140711270429192;rkpshgemiwnojtuzbyxfc@gueregueremail.com;aizevltcgsjydkmour;52
140711270429256;gnrpltcsawoq@gueregueremail.com;admxjcuievwqbsnphlf;30
140711270429320;ycltbuxojkrpdfeqgh@gueregueremail.com;oepxnlivrcjmtsd;48
140711270429448;kabxelmwroutfdhvn@gueregueremail.com;rwsijahpfdxbunolt;52
140711270429512;zytxsqrwmd@gueregueremail.com;jiruhkltfay;62
140711270429640;hbrdwpzmqgkyjsvneo@gueregueremail.com;ipwtklxjohnsamyufrde;54
140711270429704;rilnxuqschdg@gueregueremail.com;mxcoykijqp;73
140711270429832;ptdqruvazbyklgxc@gueregueremail.com;kigvhtdybcmzjpaeolu;37
140711270429896;awmvtjfhblzuceypdgkrs@gueregueremail.com;tupyxgfaiqbshkvnlmzo;60
140711270429960;omyxsghfjliavptbdrknu@gueregueremail.com;otjhdiygfq;68
140711270430088;dwtejkcgvqfnpr@gueregueremail.com;vmrkiltaqfjznpseoh;29
140711270430152;lmxynqtzaj@gueregueremail.com;tysjnpivcfwrluqhdkg;48
140711270430216;jakufhrzgmesybwc@gueregueremail.com;oleyhgrpvi;41
140711270430344;xfovgbdrkpmcwqnj@gueregueremail.com;cxvorgyiktpflnmqsd;62
140711270430408;zwpvionbtd@gueregueremail.com;hrgsknjtpqiudbocyfm;74
140711270430472;eyxkstnijlpwf@gueregueremail.com;rekgunqxap;25
140711270430600;lkxbjtgdao@gueregueremail.com;mochtqfzgeswjbv;42
140711270430728;ufwmdgkbavicte@gueregueremail.com;gmnaeuwhylktodizjs;37
140711270430792;rpolgzxvdjybhtciquake@gueregueremail.com;bzokenljxfyrwmsdg;23
140711270430856;qdtvkwixprfo@gueregueremail.com;bcrzntomxauvi;21
140711270430984;odcufhslmr@gueregueremail.com;aldmzogcfspynrvux;21
140711270431048;wgbjoyquksmetn@gueregueremail.com;pdwmnhxgivbs;23
140711270431176;rhvkyoswax@gueregueremail.com;hadjkwsfzirgmpbntlecq;55
140711270431240;ohsjlmygnapkvxe@gueregueremail.com;resdihgwxlbcqftoymzp;73
140711270431304;kebclavdno@gueregueremail.com;kjwepzruvfxblcgyanmtq;37
140711270431368;svewhjcogifdru@gueregueremail.com;cfpsiygwjeqxzrvnm;66
140711270431432;dbuvgflnqcaeikzm@gueregueremail.com;qycraotihgnewz;43
140711270431560;xlzypfjqwsi@gueregueremail.com;vxbyfmjkotrs;54
140711270431688;dpavlukzejqtxrgn@gueregueremail.com;heogsfqvumcdknjzpib;20
140711270431752;fpdugjewbqamcyi@gueregueremail.com;hlasgjxdefoy;69
140711270431880;cridhfjmqxubvnae@gueregueremail.com;ogiyrtxkljfc;29
140711270432008;dgewlvhcrikf@gueregueremail.com;wufbmjocytpxqhdzlr;68
140711270432072;ihtozwesljb@gueregueremail.com;pticneymwdzkxhru;51
140711270432136;eadufjhxionktlwgrcbsp@gueregueremail.com;qzeupxmkcvsjrbloify;41
140711270432200;fvuhncqpemxs@gueregueremail.com;pxilwmqsavjfdtoy;29
140711270432264;wyztmeqdcsov@gueregueremail.com;bnpvhkyglzwafmi;48
140711270432392;rlptnqcevzokudhsbwxy@gueregueremail.com;yrgvnojzsmwqfkeaxd;37
140711270432456;zkfhlpxisydeg@gueregueremail.com;wmrekdzljbpaocyft;23
140711270432520;vfxjhagpnoizud@gueregueremail.com;vsljrgmcikpehu;49
140711270432648;ucelzpgqksba@gueregueremail.com;hmesgiftvlczrxy;26
140711270436936;nwkjzxqilduymcp@gueregueremail.com;klymbvnjzou;58
140711270437064;dxklvzoqycitejbnaf@gueregueremail.com;iqbwjprhavoml;59
140711270437192;siwoebvfyxqpldmugh@gueregueremail.com;niclprvugzwesqodfxahy;54
140711270437256;qrnfavudswbxc@gueregueremail.com;lychanxbrwsevfqiuzktj;54
140711270437320;twljbxrpehigsqdnvk@gueregueremail.com;gkdhoitxwys;64
140711270437448;uyvcoqsrzw@gueregueremail.com;ypkidvlwznr;68
140711270437576;ifcbgpknmr@gueregueremail.com;htgbweaxrzvsdjonlup;20
140711270437640;xzhcgnqieavptswojub@gueregueremail.com;qzhynpolfbdgjrkce;33
140711270437704;zpjogyludmitref@gueregueremail.com;ivqbdlyahjmxrew;51
140711270437832;jugplyvbnzwhaq@gueregueremail.com;lqvzfostwgkc;57
140711270437960;npdtvywlxzjiacgrufo@gueregueremail.com;ujnomevgfhqlkbwxsipdt;75
140711270438024;ltcshyvdbuizar@gueregueremail.com;opfbkqtsezv;48
140711270438152;gwynvbqsteroizf@gueregueremail.com;qatfdnlzbgpio;67
140711270438280;kfzjgacrxonleyts@gueregueremail.com;gufjwbntempaksrh;59
140711270438344;kqdzwagvjsmlptobiexh@gueregueremail.com;vjufmpbaicktowsqxnzg;33
140711270438408;abvchtkwepnqy@gueregueremail.com;zksyohutjar;47
140711270438536;elsdngtawuicbfvkm@gueregueremail.com;yigaxdonvsjwfqbulktr;65
140711270438600;adsrgoevum@gueregueremail.com;dpyknbszqichef;74
140711270438728;tzlwojgueadqcmykb@gueregueremail.com;dqsxmpnyhjwkbeaugfcv;56
140711270438792;ogbziypxhvcduekwjf@gueregueremail.com;tsximubyjghownlrzqecv;52
140711270438856;tmzxnucjdbwqeyhgrfk@gueregueremail.com;jwdqizsbtfnkcyrvlp;57
140711270438920;jpaowgrvdkqsci@gueregueremail.com;tzykdaljcqfvnsgrw;35
140711270438984;tfiqwpzhbdm@gueregueremail.com;ngcjkhrwsfzbevudmqy;42
140711270439048;hiwaupqzgjoyfvrns@gueregueremail.com;jrzmnvlywiedftohgabpx;33
140711270439112;zxtapboiwrgfmnscdv@gueregueremail.com;wlmkevofrsyinpuhtgd;50
140711270439176;jpvasdynxueihzkql@gueregueremail.com;kputhozinrvjlewacs;74
140711270439240;gqmwythpiunclxvs@gueregueremail.com;mdnrzwspyjtg;65
140711270439368;kisynoxrmzvbutwdcej@gueregueremail.com;pvawtoxgbmicq;74
140711270439496;glpizenkavhwyqdfcbmuj@gueregueremail.com;ybpfqkhrecjzwunildtgm;37
140711270439560;khmdeuvzpyxa@gueregueremail.com;ylmuesjxdpkfz;72
140711270439688;dgoyikzumwbtalhqx@gueregueremail.com;ztnhqlwfyod;70
140711270439816;akzcihjdotue@gueregueremail.com;cislezntrxj;22
140711270439944;mreyizgpsnuhbqtkxljvf@gueregueremail.com;gmvxtbsuzpwoqndci;39
140711270440008;hormeancjgfkzxsdubv@gueregueremail.com;vowaibhszdjyquepm;40
140711270440072;nurcqymtiv@gueregueremail.com;ehufkpvmicwydjlsnr;62
140711270440136;hmequvcwnbpjtk@gueregueremail.com;thxikqcpfsadu;60
140711270440264;zlkgquthrvcsdawfyon@gueregueremail.com;bfrvayegwzc;27
140711270440392;jbtvpgnzskrfmwxoq@gueregueremail.com;rqszjpdlukaihtowvnbxc;51
140711270440456;ofbdqcyjngihwlkvzsumx@gueregueremail.com;waszmprndey;57
140711270440584;hflniycqeksvbatj@gueregueremail.com;bjdtksicneazwgfrv;45
140711270440648;omdpvujrwzyealq@gueregueremail.com;mpreokhdtcibzygnlxw;61
140711270440712;cufsregvwdnjho@gueregueremail.com;lkfjnztvpyic;53
140711270440840;mnbredvxpacgzislq@gueregueremail.com;umleqtngpzf;69
140711270445128;ufdkziqjblhoypgevsawx@gueregueremail.com;fcnphwjboydltsqzgu;54
140711270445192;qelpsgrkfjoautzixwvc@gueregueremail.com;vatnxjzcrfwmpoblius;52
140711270445256;qsatfyxvumceho@gueregueremail.com;rxzfioaqmlubdkypntcse;57
140711270445320;gcwlruphax@gueregueremail.com;ahdglnoesczmtjup;35
140711270445384;umgnacfqkhlspoe@gueregueremail.com;igcafxywzbpnlujhstrqd;28
140711270445448;sqklxoumhdcftanve@gueregueremail.com;fgtjvlpwhcoibex;69
140711270445576;jywfephistblvk@gueregueremail.com;yjpuimgqtnzwsvrc;26
140711270445640;rjqncuwkfgvdt@gueregueremail.com;slkpigmfqzrbxan;64
140711270445768;kcqjipawhnfgmsrzubxvd@gueregueremail.com;zchaukojfsxnmeltydq;25
140711270445832;gfzbvaoxrthejwpns@gueregueremail.com;qlfamhcjeinzpxdtvub;71
140711270445896;fezctvmknw@gueregueremail.com;gzfsuhvxyti;63
140711270446024;xmfzthvjodgcykpb@gueregueremail.com;xcowyrgiuz;48
140711270446152;ynbqxirasl@gueregueremail.com;xmvjurfskwgceqph;22
140711270446216;fpdnwuhrazqk@gueregueremail.com;hnetjmlcfsgavixbdkzrp;25
140711270446280;tdramnjqpku@gueregueremail.com;stoupvnxymhzcgjkrwa;57
140711270446344;ewomrhisbv@gueregueremail.com;nafxbsmdclu;40
140711270446472;khwntepdfczl@gueregueremail.com;cltixwzhamnvy;23
140711270446600;xqeygvarlndobzui@gueregueremail.com;eulnaosmtzgrixhw;30
140711270446664;qtuyehaodrnfcvjpwbx@gueregueremail.com;azvhpwsoneqju;43
140711270446792;xcaokzsnpqt@gueregueremail.com;kaurnqlwfxszcpdotbihm;63
140711270446856;xfkonvidaw@gueregueremail.com;dyowjgmsqntbziuelafc;26
140711270446920;tmwyvpjcsrnugq@gueregueremail.com;kgxnijumtoeadcvbhfz;48
140711270446984;rgknsywvxmfzaobtepjdl@gueregueremail.com;djacnowxrigqvbyhmzseu;66
140711270447048;rqdbpvihfucjotwlm@gueregueremail.com;xzutinabwrqcmyvefghjs;42
140711270447112;mfiwscrxaeyzvnpdhk@gueregueremail.com;ievyapszcq;19
140711270447240;gdqpxrzlyksevwtc@gueregueremail.com;pbxgyqefrczv;42
140711270447368;sbagvmlkdwceqypifr@gueregueremail.com;apqycwkhfxov;67
140711270447496;jimwvkyucx@gueregueremail.com;ymesxocdbnltihjufvq;19
140711270447560;aqixuteokmwnvcdflz@gueregueremail.com;wgxyftnsbeokqjpucv;21
140711270447624;odvijrmchlakxyu@gueregueremail.com;dhujpvmrbqzwgynaec;20
140711270447688;ispnlowjqtfurcvzdg@gueregueremail.com;avornhqjpusiyc;68
140711270447816;dusprlkzhonwegcbivymj@gueregueremail.com;cviokqapsxdgwhufmj;70
140711270447880;wprmdnyzkes@gueregueremail.com;jmndqhxayilbcfsukrp;23
140711270447944;bdukwhmazlcvjrgyi@gueregueremail.com;zhounpmfdvlkijywag;27
140711270448008;lokmfvuiajd@gueregueremail.com;murnogspjlebvkiaqzyt;64
140711270448072;eqfdrpzkjuwshmvnxb@gueregueremail.com;bkxsyglonthqajm;47
140711270448200;xalevidqywtb@gueregueremail.com;vndyhzabqcgiolm;75
140711270448328;esgitrjxokwvfdyacnm@gueregueremail.com;gfiorhbkpelwtzxjud;66
140711270448392;skvupxoytjfdn@gueregueremail.com;hkosrjvmzcaigl;71
140711270448520;xikacfozqegpjbrn@gueregueremail.com;hclouyrxis;52
140711270448648;fvdnayhumizso@gueregueremail.com;ckpgdtofiusmnv;37
140711270448776;lpwyaiuvmxjntcokqzerd@gueregueremail.com;jyqafrdwezbnikch;69
140711270448840;narxqcediwjgmoh@gueregueremail.com;berxakhlsfzmjiy;61
140711270448968;cdxogarpnswfeivt@gueregueremail.com;zxbhmufcpwrdlsvtngjyk;21
140711270449032;kodlcxwjyizqps@gueregueremail.com;bnfkghypxumcwsvqia;66
140711270449096;obdylvgqjthacnkpwmus@gueregueremail.com;nyseqguvzrimpdxhwto;54
140711270461512;lenfbcdisoxuymrpv@gueregueremail.com;ibwcuravnljm;26
140711270461640;ledgmcxkhy@gueregueremail.com;krponslfhijtz;40
140711270461768;zmbjkianshpylcrqowv@gueregueremail.com;rhjszmopfu;57
140711270461896;mvknztecxjgqfoirpuhd@gueregueremail.com;bigzjwdpmxyneksf;33
140711270461960;bweyhdmgtpajlsxvnczr@gueregueremail.com;bmsxujwoiefytgvaldnc;19
140711270462024;voerdykctjbwzxsqlfhgn@gueregueremail.com;rqxukdcbhjsweol;62
140711270462152;vkuexcbwtjygro@gueregueremail.com;ighzcnvqmoeptwbjdyka;51
140711270462216;kymxqtuersohzfb@gueregueremail.com;etswjigcaynbrzpmvoqx;55
140711270462280;lovtxbhpifcrewzka@gueregueremail.com;oqrknawbxt;48
140711270462408;wfejmipltvcrsd@gueregueremail.com;xjuvrndtokwmcph;52
140711270462536;infsjqhogcpvkxet@gueregueremail.com;kmirxotqvl;31
140711270462664;mqszuoiawtkp@gueregueremail.com;awoxqbzjnvrypdklgumfs;64
140711270462728;rovgeuqndbkz@gueregueremail.com;hqudebnmczgp;33
140711270462856;pufhtyqwriamdkovnszjx@gueregueremail.com;otmkalqncxber;32
140711270462984;rsqxmvfbdcawizehulngp@gueregueremail.com;fqesphgizxdkjtla;21
140711270463048;agzkuyfihvc@gueregueremail.com;frwayevgjdnzkiqoxhlb;39
140711270463112;wbglxvdcjhp@gueregueremail.com;waqifcdnpljsgkbzr;72
140711270463176;uqdhptxbnzowcsia@gueregueremail.com;cbwihknpuj;46
140711270463304;rpsaoxwhckelntyjzvi@gueregueremail.com;srfqdnbhuyaltjocgkvmx;61
140711270463368;syebkcuzjgwrnxotviqpd@gueregueremail.com;qwsfaimzctygpvhljoxdb;31
140711270463432;zfxrmjginod@gueregueremail.com;tgchwmiypdour;24
140711270463560;apmeiklontsfzqcv@gueregueremail.com;eirhjzadglsfbtvk;46
140711270463624;byqzigljwnmpv@gueregueremail.com;zsxmjyhtolvia;48
140711270463752;kjuctazviordyxbq@gueregueremail.com;fszybkundlwerjmtapv;51
140711270463816;lhtwzmbnyoeic@gueregueremail.com;hkbuyfdgeiaoc;59
140711270463944;tznoalgemrqvisydc@gueregueremail.com;wievkaxuplsjrqoztmbd;51
140711270464008;tvhdkugoysjn@gueregueremail.com;ruadoxzcwtbefqm;25
140711270464136;ftpeqvuohcw@gueregueremail.com;bizapnsflhcqrdoetm;37
140711270464200;dcupisjvwaxmn@gueregueremail.com;ruqhnvlbime;72
140711270464328;bexswdjtum@gueregueremail.com;dwfxugbtzrljpcnieskq;49
140711270464392;phntkezxmobgri@gueregueremail.com;mxajdpztviqs;69
140711270464520;ogtpbcumlfjveiaksd@gueregueremail.com;hutlxpcabyoskzqfniedv;63
140711270464584;nrhyiocdbegvtlxkf@gueregueremail.com;trsqguveonifcxplh;58
140711270464648;cghxwlkrpeozbtqfdynai@gueregueremail.com;xbzwfvenapsijgk;21
140711270464776;tghvjzlfyqwkxu@gueregueremail.com;eyqpkjutwxnglacmrifds;48
140711270464840;nxsmkzlhpqfvo@gueregueremail.com;gthoabmqprycxujfswle;53
140711270464904;pfiyzbeskurjvhmlwgxn@gueregueremail.com;vgbyfexzouhasjtcdiwnm;34
140711270464968;weyrvcfnmup@gueregueremail.com;swfrdkbghl;47
140711270465096;emikzqonhxp@gueregueremail.com;wkbxsldjyhvrzpegomq;50
140711270465160;ilandjzvhfpyurcqomb@gueregueremail.com;bhadmvlkipzfxngu;75
140711270465224;tvuxepswna@gueregueremail.com;ujvblwdphesayoqr;47
140711270465288;rvmqxwkaljezgtfupndco@gueregueremail.com;pmokwincav;64
140711270465416;dqexzpnyuatlwimcf@gueregueremail.com;nhsjldpyruvcefigxtz;35
140711270465480;prtmxqkszybhnadv@gueregueremail.com;bmhugawkcfnzsoveqdlpi;18
140711270469704;mygrxuietaj@gueregueremail.com;uhzlskwmqabp;58
140711270469832;cwrybeaoxvgtlfipkhzsn@gueregueremail.com;uqswcroaximlhe;70
140711270469960;sjxnvigzdwkcyq@gueregueremail.com;cjzlqfmyxp;57
140711270470088;kxbnmwguhetordlvaqzp@gueregueremail.com;bjcidlgtxypaskrz;55
140711270470152;oagjuhzqyxc@gueregueremail.com;xewodayuhvqcfbs;46
140711270470280;pnolcwszhkm@gueregueremail.com;edsfgomrujnyczwi;32
140711270470344;pqbzatoygxvechwuj@gueregueremail.com;bqowlrkdypcejamu;41
140711270470408;ihwpjomtraygxl@gueregueremail.com;scaxgiymfedwboqhjvzk;54
140711270470472;rzqywkcijm@gueregueremail.com;pokfxjwsgzuydqevn;39
140711270470536;fmuozcjiql@gueregueremail.com;tzyrhkijdgnmwubl;65
140711270470600;xvdekzfqlhpyrsgau@gueregueremail.com;pyvxozgeicbhnkfrmqjt;31
140711270470664;xdaozvlths@gueregueremail.com;hsuxolbfmeypiqnjtrkwz;71
140711270470728;zefrtqlamvckdxhusyj@gueregueremail.com;xrdvotlypkefi;39
140711270470856;vceqtrwnshbzka@gueregueremail.com;sxvqbdcnefhgiyl;37
140711270470984;wykrelsmqxzfa@gueregueremail.com;dermljohvtwnayfukp;24
140711270471048;nfivjkcxodpwgb@gueregueremail.com;vxmalnjefiruypocdgzbt;20
140711270471112;htuykoldvb@gueregueremail.com;kdmnlrbozusahp;58
140711270471240;nvgphfkjtlauoyde@gueregueremail.com;mtakgzspevhrnowcujqxi;62
140711270471304;xpichdjgyozlm@gueregueremail.com;fbekrosymxcanhpl;65
140711270471368;qafyxktlsue@gueregueremail.com;vnurqhfilwxcteg;19
140711270471496;fyipwhzsudatvclmrnjg@gueregueremail.com;tpxrifbwnyvlhzsea;33
140711270471560;zxjwrnqikhd@gueregueremail.com;ysihdnacmpxrqkevgfulo;44
140711270471624;javpmwxernf@gueregueremail.com;ewykjnlfdzgsahopviumb;68
140711270471688;fqiuxcpakenwbjgovzmh@gueregueremail.com;kumwynsrgj;31
140711270471816;orbavynekxhlqzg@gueregueremail.com;nximkuhztag;49
140711270471944;qtplejwamysnoi@gueregueremail.com;opradxiutznbkcqsmw;41
140711270472008;tmzcrvwaehpbijxkdosnq@gueregueremail.com;qiuvsprodfgbt;72
140711270472136;wleusgkrjthfpmcv@gueregueremail.com;lkzutdexjahirogyv;21
140711270472200;kctgwesjqphruzi@gueregueremail.com;omydaewukqzfn;70
140711270472328;tbjfegqcpdwxa@gueregueremail.com;btxczoghnliyumejfpvq;35
140711270472392;noflpqkycatvgsedh@gueregueremail.com;eofzldhuqmctxyvn;63
140711270472456;bxdzkuiomsfganjpwhv@gueregueremail.com;sfeqbrjthydlacu;44
140711270472584;sbgzvlqkayw@gueregueremail.com;yncbrkwesm;36
140711270472712;tyihuzmacrkdsobqgwe@gueregueremail.com;xbneazqlihcyjdksfug;45
140711270472776;arqekwjhlimsfvbyzgopc@gueregueremail.com;yhcoujinamxqbegtzp;72
140711270472840;mxwlijrbnhzg@gueregueremail.com;fgzwcqboyaxmnhuktvejd;22
140711270472904;gvsfueqrcjmbdwhykipl@gueregueremail.com;lkinodrpzvwjbhms;45
140711270472968;poqfbtlxydswvnzc@gueregueremail.com;oipgrhdntsezxkyflj;59
140711270473032;ajpyzkqthelsncfbworig@gueregueremail.com;yfpirubhdjxctsmz;75
140711270473096;xwyirvngazfuehtqc@gueregueremail.com;cxnughpvkmfbiwyrjz;35
140711270473160;okpbduaegzicvwyfht@gueregueremail.com;hyubpdftjwsnvmxgcez;22
140711270473224;kjclsnxgyabhdwf@gueregueremail.com;nuselyjbwpariohzx;69
140711270473288;sxmapcbwjryzo@gueregueremail.com;mcnatrjuyfqe;39
140711270473416;tkzoqfwvjerhxg@gueregueremail.com;byxtmswzehingcr;57
140711270473544;nrozaiemtjbgfcyxhuw@gueregueremail.com;uqfynwrajldt;54
140711270473672;psexqvfakzcjlwib@gueregueremail.com;pitawngjcvluosebzfmyq;42
140711270490184;fqmlcwhvujkzdresybxg@gueregueremail.com;rmdwaqjbvociky;54
140711270490312;gxydabhmoknjusrvzc@gueregueremail.com;awbdgekutcvfpo;19
140711270490440;dohrbvqspfngmw@gueregueremail.com;eqtiuzkfnsdjwombah;53
140711270490504;unlifzwkqygo@gueregueremail.com;oydcvburpthfem;29
140711270490632;ypmbzwisdoqhlra@gueregueremail.com;wlthkmabogiyqsjzcnv;33
140711270490696;dopmxgyfqjebrck@gueregueremail.com;ewvtobckmixzpuqnjyah;42
140711270490760;iolcrxnsbmdjpgkhvu@gueregueremail.com;iqbzoyugnthdm;38
140711270490888;grpkhfqlons@gueregueremail.com;rjidtbwczslgapvqfo;59
140711270490952;huagdwotmzle@gueregueremail.com;ztpbyagknli;19
140711270491080;bwotxzgvdiu@gueregueremail.com;uowfjpdtxmkqeichaszg;52
140711270491144;jkcbwoepahrzgysumf@gueregueremail.com;fhtnmajxglbyokdwszvr;47
140711270491208;cibrjetzaglvpqkw@gueregueremail.com;uslhomenwpadxyivjgqkt;46
140711270491272;wtajimbzsepkhcngyvx@gueregueremail.com;ifxqanojdytpuv;21
140711270491400;cuphlwevxkqrimfszagjd@gueregueremail.com;xfvjkhmabz;34
140711270491528;goavemsulcjwbz@gueregueremail.com;yvpoiqsghcmtnezxbalwd;48
140711270491592;ehlzgiquyrcmfo@gueregueremail.com;vdcjlubgkmpnqwfzyotx;46
140711270491656;htvjuesqpikzflaxw@gueregueremail.com;vwpqkdtyrhsaflbngeuzo;31
140711270491720;brqpwukyfjt@gueregueremail.com;smicazqhdlugbow;43
140711270491848;iugloncbkdavqjrsyzhwe@gueregueremail.com;lsegcnduxrkvmftzhij;55
140711270491912;zucmohastegpbxqd@gueregueremail.com;qfwurasenjdvolmgzxp;68
140711270491976;qahvgtblzuyomwjsrc@gueregueremail.com;vpoagmbzfj;43
140711270492104;pesrbxqmwojchlt@gueregueremail.com;obvkzlwerpqxfhstjg;69
140711270492168;losfnkzxypgrqdhiau@gueregueremail.com;gudpacwxjeyqszvo;36
140711270492232;vrkbpqohescnxlf@gueregueremail.com;abcxjvrnkse;34
140711270492360;nfprgwvmistao@gueregueremail.com;swibnxkzafg;23
140711270492488;dbfvirpuoxekczqnlysta@gueregueremail.com;jausykegxqico;39
140711270492616;uyrlkexwtqjfsbmdong@gueregueremail.com;bipenqhucg;25
140711270492744;rspomuzxceygq@gueregueremail.com;vlrdayiqzopxjuewmk;49
140711270492808;eachdjxivsltzrubwop@gueregueremail.com;isbtoqgdxfkrywhpn;27
140711270492872;xtjcebghzprmadinsfqvk@gueregueremail.com;rzijghsqybkmpf;28
140711270493000;upiksgxzcvtmldehao@gueregueremail.com;kjefxznvdtsybcuio;24
140711270493064;ogczaylxiqwsejvkdp@gueregueremail.com;dcimltkphxjbq;55
140711270493192;qmzwpvlrbngh@gueregueremail.com;oxyftgzdkhlsj;56
140711270493320;yobuvlmjecdnfzpx@gueregueremail.com;mxbcijtvuyqzw;68
140711270493448;hwftinxdsybpeoqgl@gueregueremail.com;myurnsfqbgztjpweck;30
140711270493512;wxyjeoqmvnhprdk@gueregueremail.com;usdyomfktp;47
140711270493640;rdnzaqgyvpisbohctw@gueregueremail.com;zmbreipohqkftgacysjw;62
140711270493704;pvfmqyheju@gueregueremail.com;glaorejkdsx;45
140711270493832;uliwgqjkdceon@gueregueremail.com;cbrsviyfjknte;53
140711270493960;tmycseblwfxvhkagqiojz@gueregueremail.com;beijopswlugqvhcrtzf;31
140711270494024;wghzvxlnyfreocdut@gueregueremail.com;bhavpgrkidjwetyznl;58
140711270494088;bpcatlkdgshqwfxe@gueregueremail.com;wdzrumtgqkny;64
140711270498376;kohjdbswvqe@gueregueremail.com;gvshbztcpxkf;73
140711270498504;vgfoarhxyziqmedwpktjn@gueregueremail.com;tirhgswxbmunqd;33
140711270498632;rxpymgtkuqvnowcb@gueregueremail.com;meycizlduqfpbwsvrxka;18
140711270498696;lfsromwkyht@gueregueremail.com;qrosnjmufbalwydpe;74
140711270498760;swyemijgonv@gueregueremail.com;qzfpdlhreikmxon;44
140711270498888;chmosrewnqgxibufz@gueregueremail.com;yserdblxnp;22
140711270499016;tusbmjodvacpqfizehly@gueregueremail.com;qgtlbjszyakndixpfuev;43
140711270499080;rfszinljgdpyocuaw@gueregueremail.com;sldmgrzfeuybw;66
140711270499208;skcgeapxmfrdiqlb@gueregueremail.com;crlshtweuvy;61
140711270499336;buyzapdxfm@gueregueremail.com;yzfeawptxkgshbunqrmdo;45
140711270499400;fvczomuytkwxhqjelngib@gueregueremail.com;lbivzrtyepsxdqgu;70
140711270499464;xlfmwhzqavdorecgujt@gueregueremail.com;dxplbhcwygnqr;53
140711270499592;ujwbvdofhgmnt@gueregueremail.com;pewulbtsaqhkvrmxgy;69
140711270499656;ioyhjnblpsag@gueregueremail.com;tflvoksrmh;43
140711270499784;blfrspvmhuqycwnokzeai@gueregueremail.com;wpzdionlthb;18
140711270499912;jmdvxabkzsg@gueregueremail.com;sdmrjuanlk;19
140711270500040;vxafzunsceyjb@gueregueremail.com;irstukvpwcxgqhnbj;66
140711270500104;rzupfxhkjocbnldwa@gueregueremail.com;zuqtdwknrf;43
140711270500232;bizyqkasxrdjfpw@gueregueremail.com;abfmynkirztvqwh;56
140711270500360;vftgqkpmruiczhdbjxs@gueregueremail.com;kmloxnvcidtjbu;31
140711270500488;jxmleswthzcnyupidrok@gueregueremail.com;yzjslcmfwradhqnipt;33
140711270500552;oehkgfldyurwaxtv@gueregueremail.com;kapqsebtczimd;69
140711270500680;otcfipvhgkleqyujrsxd@gueregueremail.com;yjghapxilqcdm;51
140711270500808;pmabynscdreklxfwtquoi@gueregueremail.com;vbnxhfqzacksomlwpd;31
140711270500872;ogylivwcdaurtn@gueregueremail.com;kbdqvmfgatlwisxjpno;63
140711270500936;zgefsrlckqwtxnjv@gueregueremail.com;omwjyxzaqpihfsudcbet;67
140711270501000;rybehnqfptox@gueregueremail.com;fhmgeywkulbazovrd;58
140711270501064;wskxrgufdaqmzpc@gueregueremail.com;ojainkphgvtsme;23
140711270501192;tuwqyrngjpbvxeafl@gueregueremail.com;tghxdpsrzliqcvwkfjamu;21
140711270501256;gxuhcyqapfz@gueregueremail.com;rkjuqhdawcvyfznlgp;52
140711270501320;msjdrfkxblnhzavw@gueregueremail.com;kzsgxuodflchpimqnetbj;51
140711270501384;pilfutkjszgywqxb@gueregueremail.com;hzbknfptore;34
140711270501512;lfowtcxreqnydb@gueregueremail.com;iverqubanpwtlmyzxk;59
140711270501576;itesjpabwfyu@gueregueremail.com;sblvdhtqcyepnijwraz;22
140711270501640;dxtqkngzwbicjmapelhv@gueregueremail.com;drafgcxkzihbnwy;29
140711270501768;xkjvwesfbtnczrl@gueregueremail.com;fgedotubhp;24
140711270501896;geoudiqnwjtysmpvzafx@gueregueremail.com;upfwadmgxsejynivq;66
140711270501960;djgrbtinszywucqak@gueregueremail.com;ojiqvwendz;35
140711270502088;jpxmwnisuaodybger@gueregueremail.com;smhqjywbkgptlnzao;23
140711270502152;gpnyiesaomtdubfkhw@gueregueremail.com;ecjkxlorhamvgy;73
140711270502280;ikhjwdxnmevurql@gueregueremail.com;xaobeldciwhzufrjvmkg;40
140711270502344;agvjqndhkwmepzo@gueregueremail.com;wtunvrgaky;21
140711270502536;upkbsiydmahjqlvtwznrc@gueregueremail.com;pishyjmecton;28
140711270502664;iqveyfgswobxlj@gueregueremail.com;zfwanjovkhrsyebduxmct;33
140711270502728;eiucnzpamgk@gueregueremail.com;kcpxqgsntmh;70
140711270502856;hzuqpgnxcjmvs@gueregueremail.com;afchotdeblvjyiwqnsup;67
140711270502920;ndujwrzgalvksxoftb@gueregueremail.com;lfuckmgvdnhy;70
140711270503048;iamzjqesflghpnk@gueregueremail.com;bjltsodhenzqv;69
140711270503176;zrfcbotwni@gueregueremail.com;ezcugonxmaywdbji;71
140711270503240;vawjeoyghxflqbcti@gueregueremail.com;rtvchflwgjkzueqd;28
140711270503304;kvfgtelaszncwbpmou@gueregueremail.com;esvnjruzhmcypbfo;62
140711270503368;jbwyeoqirvachz@gueregueremail.com;jncwvfzilokqtbygpdhu;42
140711270503432;jvamepgwdxtqscirhfnk@gueregueremail.com;wcdqriavftbe;51
140711270503560;qfiayuerdxwnlkgshz@gueregueremail.com;zhmtepdlcnfov;62
140711270503688;elpsqaudykonbhcfrztiw@gueregueremail.com;svtbjyfgckwrq;71
140711270503816;xqjpinuhgflwykeo@gueregueremail.com;dbcnqgwovatl;69
140711270503944;whbnextrdcfkpjs@gueregueremail.com;xwoqvzmundcrljke;18
140711270504008;rxlkfgnovamquypstzi@gueregueremail.com;vuqmydhiaxtblsc;28
140711270504136;nfyszbatqrmxkipe@gueregueremail.com;zcjmikqlgbfsahur;26
140711270504200;hwpfdxovmbr@gueregueremail.com;plsweiurzt;32
140711270504328;qauvhrzkdtsoi@gueregueremail.com;prxacmztliojquyd;46
140711270504392;ilqdkjbuctzwrnvepfhgy@gueregueremail.com;ofeatwpugx;71
140711270504520;mwovjqhlrbiadpgtcek@gueregueremail.com;gyavlfqpdmrbjcwt;48
140711270504584;abylokrvmequsz@gueregueremail.com;sgpdvltukqcx;19
140711270504712;zugpreibmdvtq@gueregueremail.com;xbgvhfinkopsz;36
140711270504840;ysgwqkofmbepulcidajzt@gueregueremail.com;sbohuzpigre;20
140711270504968;pectivmguqnz@gueregueremail.com;hsrqtblwmajngyvxpdfo;25
140711270505032;tywpvrkmscobhgx@gueregueremail.com;jlpdbyvmga;27
140711270505160;elbtdnwuhkgvs@gueregueremail.com;ysjnvficodqamhtu;73
140711270505224;nmhdirwexcgykvflsuto@gueregueremail.com;rhadmlsiepqconvzgktj;61
140711270505288;xwevdtcuplhirsgqmon@gueregueremail.com;pojxhcfyilqrvekmb;26
140711270505352;vwzdbhmlakgeroqnyst@gueregueremail.com;jewtugbxampydfrozl;49
140711270505416;pzvqklcwebusajdmi@gueregueremail.com;wcdergakmvnsfyjlqbixt;44
140711270505480;rfshdgyebwzkxovp@gueregueremail.com;eviqncykhldaotxrubwzg;33
140711270505544;gjuxvthyrfawolpekic@gueregueremail.com;qfijnlgwyeoad;49
140711270505672;wqisolpvfrxjckebtmgz@gueregueremail.com;alsgefuordwkzcyt;30
140711270505736;zqkbechxogjatmfsnid@gueregueremail.com;uatzdbsmxni;71
140711270505864;hnljqgtiyswf@gueregueremail.com;pdyvokcmzjxagfnhu;27
140711270505928;ambixvqsjczwgr@gueregueremail.com;dbuzohpresi;22
140711270506056;srvczfjoyqbxunp@gueregueremail.com;xyiwobufnpsrehajtg;19
140711270506120;pfurygnejzv@gueregueremail.com;kxdmvuopfy;69
140711270506248;worabmytcpzxivflj@gueregueremail.com;mcknhlzvsregxu;29
140711270506376;jcvkbpzdyat@gueregueremail.com;wrvynmdehbjzskqfugp;37
140711270506440;wplayxvmzhbsrft@gueregueremail.com;diwrxgpzkvbhoe;49
140711270518920;yvbguchztdiojkl@gueregueremail.com;uwstjamhdevc;65
140711270519048;gnpaibehxwkjc@gueregueremail.com;dgijalnxbrzhecpuskwft;67
140711270519112;xwvcgmtaesnolrbkpjdyf@gueregueremail.com;mnwsfrczikbtpljeaxyog;49
140711270519176;azwurjghtoebfpnmdc@gueregueremail.com;hcbfrqxanmwokd;19
140711270519304;qxtfndaovgmwpshyuirlz@gueregueremail.com;uesbroglnxkhft;66
140711270519432;mbwsrvuayfec@gueregueremail.com;wxneqfgpdcujaomilh;45
140711270519496;yhdecmnglq@gueregueremail.com;nfjhiwmeqtlovga;71
140711270519624;ihyvtqnaeoru@gueregueremail.com;ltyzpxdhqoucbkf;30
140711270519752;cnwbfgezrjpqomiuvlhay@gueregueremail.com;ckhfmpebaxdwrziojnvut;65
140711270519816;xvnlitdboehzpjkcwa@gueregueremail.com;qhulsvtfigceajdkwonxy;51
140711270519880;zfkxhvmcywrudsotiegab@gueregueremail.com;zomtplqsyhgcuwfkn;18
140711270519944;pcvrmydkqn@gueregueremail.com;gnaitlqbfujhsekwcyvrp;71
140711270520008;cdxsgozepbjkuvnlafiry@gueregueremail.com;lgreotxdbpm;46
140711270520136;tgapknxqoiv@gueregueremail.com;enhxakgfrysquivp;31
140711270520200;jhufintamrcyewkqzd@gueregueremail.com;brpkguwcsdo;41
140711270520328;zgyjubfaedoxpwltsn@gueregueremail.com;skthjzufamrvnci;55
140711270520456;alesbkcifuzrvxwtqopy@gueregueremail.com;vdoqhsjlxwbtfgyka;74
140711270520520;hkxmisngujev@gueregueremail.com;xrcdetsuhbfjvo;72
140711270520648;naehopqbdytwmux@gueregueremail.com;gskiroebvxnqlwcyjhumz;30
140711270520712;hflaubcgpdomtikxvwqje@gueregueremail.com;pjyoekawfmnctxz;63
140711270520840;nlamuwpiqovz@gueregueremail.com;ijnvubwtkxm;30
140711270520968;ynujkmwegpcbtvzxosd@gueregueremail.com;axulbejzyqtcdigr;29
140711270521032;qnlvdomzgwjipsbea@gueregueremail.com;npwlbftzradjqimhcoevy;23
140711270521096;fjrcthyznkqslod@gueregueremail.com;yluqawgjkszxc;32
140711270521224;ipshkexbotujfavrdlycz@gueregueremail.com;inghyvlxcprtufed;57
140711270521288;hesarvfqpucwtdlngk@gueregueremail.com;sgxzmvkpiacqe;72
140711270521416;kgscudjqpoyrzltw@gueregueremail.com;dwrnjgqcopbxutmv;24
140711270521480;xisyolrmdgbkf@gueregueremail.com;ebpjqrnhudmozg;36
140711270521608;fmisxqwuyzjkgcbtdlpa@gueregueremail.com;azwoxbpfkyqgnuhdsi;71
140711270521672;jnumwsrayv@gueregueremail.com;ftqirkyolngjxcuepamsh;57
140711270521736;bdiasfwhtzemr@gueregueremail.com;dshrpgxmyo;39
140711270521864;bvifehzsanjykpclx@gueregueremail.com;zciqmapvsykxtdr;32
140711270521992;hwoznlvieb@gueregueremail.com;bucnrwjhpdvxtsz;61
140711270522120;ulvyzpnsrfxejitdkhcoq@gueregueremail.com;nwlxzbvqpj;37
140711270522248;vekwzjqacgonfpm@gueregueremail.com;ucqbrtojsgkfmwpldevnz;53
140711270522312;lfpsxqbtwhyejcuani@gueregueremail.com;ugstexfknmvjydpoawzbr;37
140711270522376;pohtmlvsyg@gueregueremail.com;efvbxltsgzjk;50
140711270522504;mpuxaygsecbrlnhdq@gueregueremail.com;corijpedbwalg;26
140711270522632;rdhobvuqesyacxlwifj@gueregueremail.com;scrblhumeykizx;65
140711270522760;aldzntgmbvsfqokyw@gueregueremail.com;htfesmgioydq;52
140711270522952;rzckpweudabsjtxovq@gueregueremail.com;obqgmsplkayn;27
140711270523080;lcpwrqayditfgous@gueregueremail.com;qvjmxlokzispfagr;67
140711270523144;biuraovphty@gueregueremail.com;ntpjqifouslrey;19
140711270523272;ilasckqugbxtrzfyed@gueregueremail.com;snwavlmcxhk;67
140711270523400;wlfhvojxetuad@gueregueremail.com;mqfwzevjlgdk;42
140711270523528;fpmdsiqnegazucohvtx@gueregueremail.com;qtklwordzsxvhmub;75
140711270523592;nyahqrpiwemsjf@gueregueremail.com;youzjpbhkdlf;65
